-- phpMyAdmin SQL Dump
-- version 5.2.1
-- https://www.phpmyadmin.net/
--
-- Host: 127.0.0.1
-- Generation Time: May 24, 2024 at 03:29 PM
-- Server version: 10.4.32-MariaDB
-- PHP Version: 8.2.12

SET SQL_MODE = "NO_AUTO_VALUE_ON_ZERO";
START TRANSACTION;
SET time_zone = "+00:00";


/*!40101 SET @OLD_CHARACTER_SET_CLIENT=@@CHARACTER_SET_CLIENT */;
/*!40101 SET @OLD_CHARACTER_SET_RESULTS=@@CHARACTER_SET_RESULTS */;
/*!40101 SET @OLD_COLLATION_CONNECTION=@@COLLATION_CONNECTION */;
/*!40101 SET NAMES utf8mb4 */;

--
-- Database: `bank_deposit`
--

-- --------------------------------------------------------

--
-- Table structure for table `account`
--

CREATE TABLE `account` (
  `Account_Number` int(50) NOT NULL CHECK (`Account_Number` >= 0),
  `Open_Date` date DEFAULT NULL,
  `Balance` decimal(10,2) DEFAULT NULL,
  `Account_Type` varchar(50) DEFAULT NULL CHECK (`Account_Type` = 'Savings' or `Account_Type` = 'Business' or `Account_Type` = 'Checking'),
  `Client_ID` int(50) DEFAULT NULL,
  `Bank_ID` int(50) NOT NULL
) ENGINE=InnoDB DEFAULT CHARSET=utf8mb4 COLLATE=utf8mb4_general_ci;

--
-- Dumping data for table `account`
--

INSERT INTO `account` (`Account_Number`, `Open_Date`, `Balance`, `Account_Type`, `Client_ID`, `Bank_ID`) VALUES
(7, '1948-11-21', 49146.00, 'Business', 564112374, 6),
(42, '2002-12-24', 56387.00, 'Business', 851039501, 55),
(124, '1922-08-09', 43583.00, 'Checking', 605801202, 55),
(302, '1909-03-29', 28575.00, 'Savings', 468774370, 55),
(88, '2013-10-07', 78631.00, 'Savings', 476731602, 57),
(60, '2023-07-07', 148.00, 'Business', 241286885, 62),
(237, '1953-07-18', 16784.00, 'Checking', 60754625, 62),
(444, '1944-04-23', 11938.00, 'Business', 162164743, 65),
(479, '1960-03-28', 74314.00, 'Savings', 138251265, 65),
(362, '1952-03-22', 24077.00, 'Business', 405857428, 148),
(465, '1908-09-04', 1512.00, 'Business', 827509541, 171),
(55, '2000-03-06', 42777.00, 'Checking', 693548980, 242),
(423, '1971-01-24', 74376.00, 'Checking', 106935107, 265),
(212, '1962-09-24', 45913.00, 'Checking', 809791424, 270),
(399, '1911-08-05', 17164.00, 'Checking', 706593331, 270),
(96, '1914-07-22', 4756.00, 'Checking', 676216120, 271),
(282, '2001-09-04', 52918.00, 'Checking', 983364786, 421),
(380, '1978-05-27', 58572.00, 'Checking', 589620609, 467),
(333, '1939-07-06', 83684.00, 'Checking', 858083666, 516),
(326, '1919-04-27', 7811.00, 'Savings', 650400234, 568),
(335, '1921-05-17', 69650.00, 'Business', 984801823, 618),
(387, '1991-08-20', 60799.00, 'Business', 837340779, 697),
(221, '1977-05-06', 63397.00, 'Business', 688212499, 719),
(450, '1979-05-03', 25973.00, 'Checking', 433108199, 719),
(323, '1981-08-02', 71930.00, 'Business', 507380500, 741),
(386, '1954-03-27', 83864.00, 'Business', 187649825, 743),
(249, '2012-05-10', 20159.00, 'Savings', 681868371, 754),
(421, '1961-07-20', 61442.00, 'Checking', 408062481, 757),
(244, '1964-11-10', 73306.00, 'Checking', 828263610, 793),
(63, '1964-01-27', 84490.00, 'Checking', 861169477, 794),
(254, '2017-07-15', 11911.00, 'Business', 369191648, 794),
(364, '2019-12-27', 72167.00, 'Savings', 987731114, 794),
(368, '1975-12-10', 4020.00, 'Savings', 147904149, 809),
(147, '1926-01-02', 13071.00, 'Business', 536261356, 859),
(286, '1970-10-10', 35956.00, 'Business', 589620609, 859),
(103, '1913-07-04', 58388.00, 'Checking', 288066299, 877),
(438, '1962-05-11', 49048.00, 'Business', 646237294, 877),
(195, '1981-07-09', 6439.00, 'Checking', 191611665, 925),
(305, '2008-12-26', 85258.00, 'Checking', 650400234, 925),
(61, '2017-04-05', 19844.00, 'Checking', 303997561, 934),
(363, '1911-07-20', 80480.00, 'Checking', 920178866, 934),
(94, '1955-01-06', 50547.00, 'Savings', 861169477, 1070),
(457, '1980-08-09', 50684.00, 'Business', 85507964, 1070),
(268, '1929-09-13', 44626.00, 'Checking', 757789686, 1085),
(46, '1919-10-30', 16890.00, 'Savings', 665949682, 1093),
(228, '1969-10-21', 81498.00, 'Business', 9131689, 1093),
(24, '1901-03-15', 33972.00, 'Checking', 9745132, 1115),
(136, '1982-03-28', 84.00, 'Business', 305771908, 1115),
(322, '1965-02-01', 82550.00, 'Savings', 433108199, 1158),
(459, '1951-10-04', 32586.00, 'Business', 833564779, 1188),
(90, '1939-08-15', 46567.00, 'Checking', 448147790, 1299),
(297, '1943-02-21', 14164.00, 'Checking', 8307115, 1317),
(405, '2008-02-05', 55016.00, 'Checking', 404173620, 1321),
(365, '1996-11-07', 56426.00, 'Checking', 439961587, 1372),
(189, '1916-08-09', 11354.00, 'Checking', 138251265, 1396),
(226, '1943-08-08', 24833.00, 'Business', 178425934, 1441),
(201, '2012-02-14', 18476.00, 'Checking', 704098404, 1485),
(31, '2012-02-24', 7230.00, 'Business', 211079957, 1513),
(156, '1977-07-24', 86359.00, 'Business', 559790862, 1513),
(182, '1910-07-05', 12663.00, 'Checking', 628899289, 1513),
(200, '2012-04-16', 65321.00, 'Savings', 286705656, 1513),
(361, '1911-05-18', 30148.00, 'Savings', 42718538, 1513),
(36, '1908-02-28', 80278.00, 'Business', 462880574, 1519),
(76, '1966-09-12', 55216.00, 'Business', 376738624, 1530),
(358, '1991-12-05', 77151.00, 'Business', 596255499, 1530),
(473, '1903-09-28', 66273.00, 'Business', 498663123, 1587),
(142, '1962-12-02', 30369.00, 'Business', 230834627, 1646),
(418, '1942-05-07', 164.00, 'Checking', 424665837, 1646),
(493, '2000-11-26', 63779.00, 'Checking', 987058584, 1669),
(140, '2020-02-23', 73085.00, 'Savings', 585986398, 1721),
(166, '1969-11-07', 89676.00, 'Savings', 422480606, 1721),
(73, '1949-03-14', 40431.00, 'Checking', 596255499, 1772),
(155, '2018-09-18', 21453.00, 'Checking', 98179428, 1772),
(117, '1993-01-21', 68303.00, 'Checking', 147904149, 1789),
(122, '1918-12-16', 44105.00, 'Savings', 225560666, 1789),
(198, '2002-12-27', 92784.00, 'Business', 642101046, 1789),
(340, '1909-05-24', 70192.00, 'Savings', 786422435, 1835),
(397, '1969-07-30', 62933.00, 'Checking', 182588215, 1835),
(121, '1945-02-13', 61078.00, 'Savings', 393458687, 1903),
(433, '2022-01-18', 23600.00, 'Checking', 176230953, 1908),
(480, '1983-07-03', 2850.00, 'Checking', 984801823, 1954),
(176, '1930-06-14', 19785.00, 'Checking', 78983718, 1960),
(497, '1922-07-12', 84608.00, 'Checking', 642101046, 1963),
(5, '2014-02-11', 68820.00, 'Savings', 882831921, 1990),
(68, '1987-01-03', 68349.00, 'Business', 369191648, 2000),
(89, '1913-10-21', 8678.00, 'Savings', 35811931, 2008),
(183, '1952-02-07', 24059.00, 'Business', 536261356, 2008),
(98, '1950-04-28', 62544.00, 'Savings', 583182399, 2011),
(144, '1984-05-26', 60815.00, 'Checking', 941583976, 2011),
(245, '1927-06-17', 72817.00, 'Business', 987731114, 2011),
(355, '1911-03-19', 96047.00, 'Savings', 939599520, 2011),
(416, '1969-07-29', 69701.00, 'Business', 269228894, 2011),
(248, '2020-01-09', 13775.00, 'Checking', 731387458, 2149),
(252, '1983-03-12', 60957.00, 'Savings', 786835857, 2149),
(3, '2011-07-04', 44522.00, 'Checking', 19680041, 2173),
(495, '1993-01-07', 16234.00, 'Savings', 669143573, 2173),
(299, '1935-05-25', 64634.00, 'Savings', 676228177, 2218),
(435, '1955-06-19', 65013.00, 'Business', 646237294, 2254),
(52, '1989-08-20', 93548.00, 'Checking', 519414615, 2300),
(325, '1947-06-13', 19725.00, 'Savings', 604052510, 2300),
(193, '1978-01-12', 39387.00, 'Business', 16251127, 2306),
(287, '1920-12-19', 83215.00, 'Checking', 215678371, 2306),
(359, '1952-11-26', 5925.00, 'Business', 59339372, 2306),
(451, '1948-03-09', 64430.00, 'Savings', 150868433, 2306),
(151, '1984-04-18', 22435.00, 'Savings', 408062481, 2311),
(222, '2014-12-23', 38951.00, 'Business', 828263610, 2311),
(251, '1987-12-21', 36078.00, 'Savings', 686296241, 2343),
(422, '1944-11-13', 37829.00, 'Checking', 676228177, 2343),
(264, '1920-08-06', 54358.00, 'Savings', 694321344, 2368),
(272, '2005-02-25', 83696.00, 'Checking', 100546241, 2368),
(27, '1993-05-08', 48566.00, 'Savings', 292046907, 2382),
(57, '1963-01-09', 91594.00, 'Savings', 707750473, 2382),
(328, '1912-07-17', 49569.00, 'Checking', 705835381, 2382),
(167, '1949-05-03', 86735.00, 'Savings', 694321344, 2388),
(398, '2010-11-07', 60347.00, 'Savings', 326170225, 2388),
(408, '1997-07-15', 49815.00, 'Checking', 642101046, 2388),
(152, '1920-08-12', 96854.00, 'Checking', 861169477, 2475),
(206, '1904-04-21', 70728.00, 'Business', 408870753, 2475),
(298, '1910-05-17', 31404.00, 'Business', 275769850, 2480),
(492, '1943-04-20', 15284.00, 'Checking', 776109587, 2575),
(18, '1984-01-28', 77409.00, 'Business', 60772889, 2590),
(135, '2020-07-14', 16474.00, 'Business', 851039501, 2608),
(488, '1983-06-04', 75019.00, 'Business', 713754302, 2608),
(341, '1927-04-29', 76451.00, 'Business', 884443136, 2616),
(452, '1937-10-18', 27532.00, 'Business', 96676372, 2616),
(417, '1934-08-12', 47577.00, 'Checking', 60397516, 2641),
(483, '2008-03-15', 46549.00, 'Business', 467345123, 2641),
(498, '1972-05-08', 42805.00, 'Savings', 561709442, 2642),
(292, '1944-04-15', 65508.00, 'Savings', 814692733, 2687),
(82, '1930-04-15', 20152.00, 'Savings', 225560666, 2696),
(143, '1962-01-20', 90495.00, 'Savings', 191156257, 2712),
(158, '1919-01-08', 17249.00, 'Savings', 405857428, 2712),
(379, '1959-12-17', 79128.00, 'Business', 424665837, 2712),
(269, '1925-05-01', 71659.00, 'Savings', 817175908, 2767),
(336, '1991-06-19', 80971.00, 'Business', 741886644, 2767),
(65, '1992-01-30', 98868.00, 'Checking', 562045677, 2804),
(456, '1982-06-21', 52739.00, 'Business', 98179428, 2804),
(125, '1974-01-20', 74048.00, 'Business', 628899289, 2816),
(280, '2004-02-12', 30422.00, 'Business', 867181754, 2829),
(378, '2022-03-09', 49592.00, 'Savings', 364954139, 2829),
(2, '1941-08-23', 74175.00, 'Savings', 918205526, 2897),
(494, '1935-01-22', 84292.00, 'Savings', 280008834, 2897),
(108, '1980-02-14', 26627.00, 'Savings', 941583976, 2966),
(337, '1973-12-13', 1134.00, 'Business', 753613296, 2966),
(29, '1945-10-21', 18715.00, 'Business', 567977670, 2990),
(58, '2008-11-18', 97076.00, 'Business', 802194163, 2990),
(218, '1920-04-07', 94788.00, 'Business', 583182399, 2990),
(40, '1958-06-07', 9420.00, 'Savings', 693180462, 3000),
(134, '2015-07-26', 33025.00, 'Savings', 592082060, 3000),
(311, '1990-01-19', 2629.00, 'Business', 920178866, 3037),
(266, '2005-12-09', 70518.00, 'Checking', 832995649, 3050),
(411, '1968-08-10', 27281.00, 'Savings', 8307115, 3050),
(409, '1917-12-19', 3585.00, 'Checking', 41634794, 3063),
(431, '2007-08-18', 73787.00, 'Checking', 190046781, 3083),
(1, '1962-03-13', 54345.00, 'Checking', 360105660, 3124),
(217, '1969-05-09', 62747.00, 'Business', 983364786, 3124),
(442, '1968-09-25', 8068.00, 'Savings', 166029706, 3124),
(339, '2009-10-18', 44855.00, 'Business', 22796703, 3193),
(113, '1954-03-16', 47399.00, 'Business', 987058584, 3290),
(110, '2002-11-18', 74296.00, 'Savings', 725661416, 3292),
(385, '1949-04-03', 471.00, 'Business', 400907164, 3293),
(159, '1989-04-09', 63104.00, 'Business', 24623288, 3323),
(373, '1938-03-03', 69868.00, 'Business', 62373068, 3323),
(47, '1907-11-21', 34316.00, 'Checking', 96676372, 3335),
(406, '1957-03-15', 36549.00, 'Business', 8307115, 3335),
(353, '2008-12-19', 67575.00, 'Savings', 26582336, 3427),
(419, '2017-02-08', 2928.00, 'Checking', 594707328, 3427),
(192, '1923-07-08', 37721.00, 'Checking', 199726674, 3489),
(329, '1901-06-26', 51428.00, 'Checking', 731387458, 3489),
(227, '1966-11-24', 20605.00, 'Checking', 671355305, 3591),
(443, '2019-12-12', 10000.00, 'Checking', 914495564, 3591),
(260, '1993-04-02', 35554.00, 'Business', 167921303, 3634),
(425, '2011-04-26', 21393.00, 'Savings', 376738624, 3634),
(453, '1910-01-05', 97820.00, 'Business', 828263610, 3634),
(75, '1974-11-23', 44009.00, 'Business', 348203587, 3662),
(403, '1957-03-23', 98716.00, 'Savings', 9131689, 3662),
(470, '1901-12-03', 23855.00, 'Business', 965044081, 3703),
(132, '1953-01-12', 97605.00, 'Checking', 50639103, 3713),
(414, '1920-07-11', 97030.00, 'Business', 562045677, 3749),
(35, '1962-02-03', 91127.00, 'Business', 342153843, 3750),
(59, '2007-05-13', 38389.00, 'Checking', 125308751, 3772),
(104, '1997-10-14', 94851.00, 'Savings', 193349516, 3788),
(62, '2011-04-06', 87330.00, 'Business', 515254990, 3789),
(97, '1929-02-23', 72829.00, 'Savings', 782135345, 3789),
(401, '1978-07-23', 29542.00, 'Checking', 293996594, 3879),
(164, '1979-04-17', 55785.00, 'Business', 604052510, 3987),
(220, '1901-12-12', 9548.00, 'Savings', 441191876, 4034),
(234, '1913-11-15', 64360.00, 'Savings', 180804353, 4034),
(15, '1923-07-01', 67385.00, 'Checking', 274252120, 4055),
(428, '1945-01-19', 21607.00, 'Savings', 62373068, 4065),
(243, '1975-05-01', 88500.00, 'Checking', 837842947, 4079),
(303, '1982-12-23', 83682.00, 'Checking', 288066299, 4087),
(194, '1944-02-07', 12087.00, 'Business', 8307115, 4100),
(258, '2011-07-24', 54320.00, 'Savings', 265184224, 4100),
(484, '1920-08-28', 32405.00, 'Checking', 1412925, 4100),
(25, '1968-08-02', 52666.00, 'Savings', 386280582, 4120),
(51, '1923-07-17', 85847.00, 'Checking', 191156257, 4120),
(120, '1987-09-12', 47212.00, 'Business', 75043224, 4120),
(101, '1959-05-26', 21439.00, 'Savings', 775016713, 4134),
(118, '1983-06-10', 10995.00, 'Business', 162164743, 4180),
(393, '2021-01-04', 63598.00, 'Savings', 376871988, 4180),
(180, '1969-10-28', 8982.00, 'Savings', 424965769, 4209),
(390, '1967-03-17', 83914.00, 'Checking', 451754902, 4209),
(466, '2007-06-29', 99315.00, 'Checking', 109192715, 4209),
(371, '1946-05-03', 86724.00, 'Checking', 647086955, 4220),
(461, '1983-05-22', 28319.00, 'Business', 193349516, 4220),
(230, '1915-03-04', 85540.00, 'Business', 81217724, 4261),
(223, '1962-12-28', 80112.00, 'Business', 320485811, 4277),
(259, '1903-10-26', 75847.00, 'Checking', 937080865, 4277),
(22, '1984-08-15', 50664.00, 'Checking', 171883449, 4298),
(384, '1969-10-06', 61800.00, 'Business', 610044706, 4298),
(37, '1993-07-17', 71611.00, 'Savings', 339124941, 4352),
(253, '1974-12-21', 38721.00, 'Business', 141439317, 4448),
(279, '1912-05-20', 44284.00, 'Business', 288066299, 4448),
(288, '1973-11-18', 46815.00, 'Business', 539145460, 4448),
(486, '1919-02-08', 21300.00, 'Business', 597971421, 4448),
(49, '1925-06-15', 85012.00, 'Business', 927319054, 4466),
(211, '1939-04-25', 40212.00, 'Business', 250075696, 4466),
(219, '1985-12-25', 2371.00, 'Savings', 725661416, 4466),
(342, '1984-02-03', 92419.00, 'Checking', 338080545, 4486),
(320, '1965-03-23', 97188.00, 'Business', 350762211, 4559),
(28, '1900-09-11', 84595.00, 'Business', 250075696, 4572),
(376, '2023-05-20', 62882.00, 'Checking', 78983718, 4572),
(436, '1950-07-07', 11009.00, 'Business', 441191876, 4585),
(126, '1900-11-08', 15043.00, 'Savings', 437358170, 4618),
(150, '1946-03-16', 14665.00, 'Business', 24623288, 4618),
(271, '1915-10-18', 72921.00, 'Savings', 26582336, 4618),
(247, '1947-01-05', 18263.00, 'Checking', 24623288, 4619),
(347, '1901-01-23', 10195.00, 'Savings', 507380500, 4664),
(43, '2008-09-28', 61921.00, 'Business', 705835381, 4696),
(184, '1975-02-07', 90416.00, 'Checking', 235483338, 4712),
(330, '1941-08-22', 29683.00, 'Business', 694321344, 4718),
(84, '1960-09-29', 54683.00, 'Business', 776109587, 4722),
(199, '1934-07-18', 62657.00, 'Checking', 106935107, 4782),
(64, '1923-02-11', 68837.00, 'Business', 42718538, 4801),
(186, '1912-10-06', 76300.00, 'Checking', 507375619, 4801),
(402, '1974-02-03', 96897.00, 'Business', 895382093, 4801),
(487, '1939-11-22', 74757.00, 'Checking', 178425934, 4838),
(77, '1958-09-22', 74770.00, 'Business', 163356563, 4842),
(116, '1906-06-17', 3785.00, 'Savings', 213309493, 4861),
(239, '1997-07-16', 64860.00, 'Savings', 748234086, 4861),
(106, '2008-07-16', 90339.00, 'Savings', 691771779, 4984),
(44, '2005-07-04', 54735.00, 'Business', 731387458, 5009),
(281, '1916-11-20', 31355.00, 'Business', 886225724, 5031),
(306, '2023-10-10', 87069.00, 'Savings', 291134930, 5036),
(8, '1923-02-09', 4367.00, 'Business', 472670854, 5113),
(56, '1926-12-15', 70609.00, 'Checking', 867181754, 5142),
(464, '1902-12-02', 97825.00, 'Checking', 98039514, 5152),
(17, '1944-08-05', 50926.00, 'Savings', 54292402, 5234),
(54, '2010-04-08', 82045.00, 'Business', 809791424, 5234),
(372, '1940-09-17', 98978.00, 'Checking', 707868217, 5234),
(475, '1901-12-20', 38538.00, 'Checking', 275769850, 5234),
(255, '2023-02-07', 93961.00, 'Savings', 109192715, 5309),
(312, '2018-07-07', 61762.00, 'Business', 610808463, 5309),
(388, '1962-09-09', 48332.00, 'Savings', 885032385, 5309),
(496, '1928-04-20', 86590.00, 'Savings', 895382093, 5309),
(489, '1949-05-06', 22343.00, 'Checking', 320485811, 5349),
(382, '1975-04-05', 54787.00, 'Checking', 861169477, 5422),
(50, '2008-07-01', 40212.00, 'Checking', 679228302, 5433),
(293, '1900-03-06', 74765.00, 'Business', 764832016, 5446),
(45, '1968-03-24', 41286.00, 'Business', 439961587, 5464),
(316, '2011-11-03', 22774.00, 'Business', 148919331, 5464),
(367, '1954-09-19', 57643.00, 'Business', 582368852, 5494),
(446, '1962-02-17', 75984.00, 'Savings', 35811931, 5494),
(191, '1960-02-11', 27102.00, 'Business', 389435368, 5553),
(131, '1937-04-30', 25337.00, 'Savings', 141439317, 5583),
(360, '1955-09-29', 84180.00, 'Savings', 69350625, 5583),
(427, '2016-11-03', 28939.00, 'Savings', 878355660, 5583),
(477, '2017-01-11', 43028.00, 'Savings', 50639103, 5734),
(70, '1915-03-07', 68618.00, 'Savings', 327598878, 5754),
(179, '2004-05-21', 50404.00, 'Business', 1412925, 5806),
(301, '1969-07-21', 33484.00, 'Savings', 451754902, 5895),
(102, '2001-01-10', 80493.00, 'Savings', 191611665, 5904),
(474, '2021-06-27', 18217.00, 'Business', 827509541, 5904),
(407, '1933-03-11', 21952.00, 'Business', 681868371, 5948),
(309, '2020-02-12', 9423.00, 'Savings', 486451156, 6007),
(105, '2016-12-14', 26653.00, 'Business', 376871988, 6011),
(39, '2001-10-24', 37530.00, 'Savings', 408923922, 6134),
(69, '1995-06-28', 10278.00, 'Checking', 412397611, 6134),
(172, '1936-06-09', 69933.00, 'Checking', 802194163, 6134),
(11, '1998-02-20', 54973.00, 'Savings', 688212499, 6164),
(304, '1960-07-14', 7688.00, 'Savings', 647086955, 6164),
(188, '1921-11-03', 91892.00, 'Savings', 19680041, 6242),
(332, '1946-12-01', 42553.00, 'Checking', 802194163, 6242),
(500, '1972-06-28', 89782.00, 'Checking', 822037275, 6266),
(349, '1980-05-07', 39110.00, 'Checking', 179129493, 6269),
(238, '1965-01-06', 41171.00, 'Business', 8307115, 6300),
(276, '1919-01-04', 26466.00, 'Checking', 577816737, 6300),
(343, '1966-07-27', 50590.00, 'Savings', 934519683, 6300),
(232, '1938-11-24', 23101.00, 'Business', 782135345, 6314),
(440, '2004-02-23', 82812.00, 'Checking', 995213038, 6314),
(153, '1908-11-30', 91541.00, 'Business', 315490203, 6328),
(161, '1920-01-16', 256.00, 'Business', 293996594, 6348),
(79, '1941-03-24', 43235.00, 'Business', 75043224, 6357),
(141, '1960-12-02', 60076.00, 'Business', 404091304, 6357),
(476, '2023-07-01', 48332.00, 'Savings', 786422435, 6357),
(171, '1979-03-13', 50801.00, 'Savings', 141439317, 6364),
(256, '1907-11-17', 35962.00, 'Savings', 467345123, 6423),
(366, '1965-08-30', 47070.00, 'Checking', 433108199, 6445),
(415, '1989-09-28', 30624.00, 'Business', 269228894, 6445),
(162, '2001-03-26', 25092.00, 'Business', 946814161, 6458),
(185, '1948-06-30', 37096.00, 'Savings', 830766990, 6467),
(148, '1963-02-08', 26489.00, 'Business', 672030896, 6486),
(197, '1938-07-01', 26015.00, 'Savings', 628529978, 6500),
(437, '2024-08-05', 14847.00, 'Checking', 24623288, 6500),
(412, '2003-04-10', 23321.00, 'Checking', 549274580, 6524),
(447, '1981-11-27', 22718.00, 'Savings', 424965769, 6524),
(14, '1983-04-09', 99405.00, 'Business', 193349516, 6526),
(413, '1924-01-14', 85362.00, 'Business', 326232471, 6526),
(20, '1965-05-20', 52388.00, 'Business', 996681289, 6601),
(170, '2012-02-07', 90284.00, 'Business', 298030771, 6601),
(284, '1971-12-02', 54159.00, 'Business', 764832016, 6647),
(285, '1997-12-06', 80548.00, 'Checking', 408923922, 6647),
(485, '2011-03-04', 68148.00, 'Savings', 904191475, 6647),
(38, '1994-08-10', 15847.00, 'Checking', 854765500, 6650),
(270, '2011-06-13', 91621.00, 'Business', 80671752, 6650),
(432, '1915-12-02', 78637.00, 'Savings', 286211840, 6663),
(53, '1987-06-05', 84598.00, 'Business', 9131689, 6687),
(26, '2018-01-07', 84659.00, 'Savings', 350939066, 6691),
(354, '2021-12-21', 99891.00, 'Business', 597971421, 6733),
(178, '2015-09-05', 66285.00, 'Checking', 748234086, 6790),
(119, '1980-08-20', 71997.00, 'Checking', 691040651, 6909),
(115, '1984-02-07', 35809.00, 'Business', 753613296, 7004),
(190, '1988-08-20', 52139.00, 'Checking', 895382093, 7051),
(491, '1957-12-19', 96029.00, 'Checking', 81217724, 7051),
(32, '1935-04-26', 92953.00, 'Business', 895382093, 7086),
(169, '1954-03-17', 99435.00, 'Savings', 9131689, 7086),
(445, '1956-02-02', 81514.00, 'Checking', 764832016, 7097),
(4, '2011-09-26', 79791.00, 'Checking', 211079957, 7133),
(257, '2006-04-08', 49999.00, 'Savings', 298030771, 7133),
(127, '2006-07-30', 58146.00, 'Checking', 282270406, 7142),
(165, '2003-06-15', 46299.00, 'Checking', 749622507, 7142),
(290, '1986-09-03', 58783.00, 'Savings', 225560666, 7142),
(275, '1907-02-26', 6375.00, 'Checking', 694321344, 7154),
(468, '1929-06-25', 16747.00, 'Checking', 178425934, 7154),
(356, '1946-10-17', 71541.00, 'Savings', 904957185, 7157),
(424, '1902-02-11', 82238.00, 'Business', 583182399, 7157),
(12, '1917-03-14', 65641.00, 'Business', 914495564, 7168),
(78, '2007-03-25', 44467.00, 'Savings', 107205859, 7285),
(263, '1997-08-30', 38101.00, 'Savings', 639348792, 7285),
(478, '2008-03-08', 71023.00, 'Checking', 114721156, 7285),
(267, '1982-05-30', 2949.00, 'Checking', 604052510, 7301),
(133, '1930-07-29', 40816.00, 'Business', 507886684, 7308),
(160, '1925-01-04', 40292.00, 'Checking', 69350625, 7308),
(289, '1981-08-06', 93780.00, 'Savings', 937080865, 7308),
(307, '2010-01-16', 26552.00, 'Business', 86363722, 7308),
(467, '1970-11-24', 48921.00, 'Savings', 141439317, 7333),
(145, '1932-10-21', 87652.00, 'Business', 519414615, 7388),
(429, '2003-03-17', 40801.00, 'Savings', 163356563, 7388),
(396, '1942-07-28', 63530.00, 'Business', 822037275, 7472),
(48, '1976-08-12', 91231.00, 'Savings', 782135345, 7475),
(236, '1926-10-07', 7307.00, 'Checking', 342153843, 7481),
(273, '1985-12-06', 60301.00, 'Savings', 156634349, 7481),
(16, '2008-04-22', 5949.00, 'Business', 442709276, 7496),
(33, '1960-11-18', 79959.00, 'Savings', 182588215, 7528),
(71, '1971-01-27', 31961.00, 'Business', 100546241, 7528),
(30, '1910-12-21', 6778.00, 'Checking', 642101046, 7596),
(449, '1902-01-22', 92680.00, 'Checking', 291134930, 7601),
(173, '1986-09-16', 94990.00, 'Checking', 604647319, 7699),
(109, '1936-05-08', 22491.00, 'Business', 42718538, 7758),
(130, '2020-02-27', 46258.00, 'Savings', 708020464, 7810),
(481, '2009-11-11', 79400.00, 'Checking', 704048576, 7810),
(99, '2001-09-20', 6964.00, 'Checking', 722655322, 7956),
(331, '1956-01-18', 38040.00, 'Savings', 810583126, 7956),
(448, '1928-01-08', 14012.00, 'Savings', 671823133, 7956),
(471, '1914-11-06', 26230.00, 'Business', 422480606, 8042),
(19, '1925-11-29', 22794.00, 'Savings', 180051839, 8060),
(250, '1913-11-08', 29178.00, 'Checking', 680653432, 8065),
(338, '2018-02-08', 12820.00, 'Savings', 693548980, 8095),
(111, '1932-02-24', 61092.00, 'Savings', 182588215, 8117),
(209, '1991-03-18', 60728.00, 'Checking', 442709276, 8158),
(214, '1962-03-18', 55945.00, 'Savings', 42718538, 8169),
(392, '1943-09-23', 55649.00, 'Checking', 918205526, 8190),
(95, '1985-12-22', 48238.00, 'Savings', 860524413, 8212),
(265, '1926-04-11', 65233.00, 'Savings', 507375619, 8250),
(317, '1922-08-03', 95239.00, 'Checking', 656166901, 8250),
(351, '1934-12-16', 40162.00, 'Checking', 679228302, 8250),
(291, '1990-12-05', 27948.00, 'Checking', 327205172, 8281),
(216, '1918-08-13', 69160.00, 'Checking', 854765500, 8315),
(92, '1987-12-29', 97292.00, 'Savings', 275362477, 8343),
(138, '2008-11-13', 61455.00, 'Checking', 605801202, 8367),
(224, '2001-08-02', 50376.00, 'Savings', 269111903, 8405),
(334, '1913-01-07', 34705.00, 'Checking', 556374684, 8432),
(346, '1922-08-27', 51264.00, 'Checking', 249703584, 8432),
(215, '1984-09-06', 34207.00, 'Checking', 237211393, 8521),
(469, '1919-01-19', 30486.00, 'Checking', 906980796, 8521),
(34, '1932-04-01', 12981.00, 'Savings', 512954008, 8544),
(274, '1901-03-13', 64983.00, 'Savings', 421766024, 8673),
(283, '1962-12-03', 6636.00, 'Savings', 225218832, 8673),
(10, '1903-10-01', 87210.00, 'Savings', 376871988, 8792),
(23, '1901-11-25', 87881.00, 'Business', 111079607, 8806),
(112, '2021-09-29', 48853.00, 'Savings', 512083212, 8808),
(81, '1920-05-09', 79732.00, 'Business', 398416970, 8847),
(404, '2008-09-28', 20792.00, 'Checking', 878355660, 8847),
(389, '1993-01-11', 90776.00, 'Business', 24623288, 8876),
(208, '1990-06-02', 50490.00, 'Savings', 424665837, 8933),
(345, '1920-02-16', 32113.00, 'Savings', 197497274, 8933),
(344, '2012-03-12', 22990.00, 'Checking', 361525504, 8949),
(434, '1933-04-20', 91323.00, 'Savings', 59339372, 8949),
(462, '1926-07-30', 50744.00, 'Business', 731750998, 8955),
(137, '2016-07-03', 8907.00, 'Checking', 987731114, 8956),
(157, '1948-12-18', 40701.00, 'Savings', 731869011, 8956),
(472, '1999-12-27', 27572.00, 'Savings', 818850540, 9004),
(168, '1921-11-01', 62410.00, 'Checking', 672030896, 9082),
(300, '1934-10-11', 54239.00, 'Business', 523366355, 9092),
(327, '1912-09-13', 46151.00, 'Business', 642101046, 9160),
(41, '1912-01-10', 24814.00, 'Checking', 605801202, 9189),
(395, '1928-03-12', 32659.00, 'Checking', 291134930, 9189),
(9, '1927-07-03', 44990.00, 'Business', 164774400, 9213),
(181, '1979-01-22', 2971.00, 'Checking', 693180462, 9234),
(204, '1950-07-21', 15410.00, 'Checking', 764832016, 9282),
(107, '1953-07-09', 60497.00, 'Checking', 485786875, 9299),
(458, '2015-07-15', 14131.00, 'Business', 827509541, 9318),
(86, '1946-10-17', 12438.00, 'Savings', 830766990, 9335),
(315, '1990-04-28', 73295.00, 'Savings', 906980796, 9335),
(207, '1910-11-25', 77923.00, 'Checking', 886225724, 9377),
(310, '2012-01-05', 92088.00, 'Checking', 731387458, 9377),
(352, '1977-09-15', 55534.00, 'Savings', 647086955, 9382),
(383, '1959-09-17', 8583.00, 'Checking', 984461881, 9383),
(123, '1977-09-30', 25424.00, 'Checking', 459513545, 9384),
(139, '1990-01-23', 72012.00, 'Savings', 628529978, 9384),
(454, '1913-09-02', 3283.00, 'Savings', 507375619, 9393),
(129, '2005-01-20', 59074.00, 'Business', 327598878, 9394),
(154, '1934-07-14', 97961.00, 'Savings', 906980796, 9394),
(321, '1969-02-15', 84993.00, 'Savings', 225560666, 9394),
(205, '1920-12-03', 40858.00, 'Business', 506131284, 9409),
(246, '2005-07-12', 91680.00, 'Checking', 672030896, 9409),
(374, '1905-08-04', 463.00, 'Business', 918205526, 9464),
(128, '2015-11-04', 52736.00, 'Checking', 740850940, 9501),
(455, '1995-07-12', 20927.00, 'Checking', 341799556, 9527),
(13, '1910-01-12', 28942.00, 'Checking', 59339372, 9542),
(235, '1915-01-26', 93826.00, 'Business', 698734, 9542),
(278, '1962-06-24', 22722.00, 'Business', 646237294, 9542),
(313, '2002-04-26', 97404.00, 'Business', 586756343, 9542),
(410, '2014-12-26', 34906.00, 'Savings', 404626621, 9542),
(231, '1923-12-26', 7836.00, 'Business', 106935107, 9559),
(348, '1969-03-13', 90161.00, 'Savings', 656166901, 9559),
(460, '1944-03-15', 87536.00, 'Savings', 280008834, 9583),
(100, '1983-01-19', 26454.00, 'Checking', 178425934, 9608),
(175, '1942-03-16', 83086.00, 'Checking', 175904163, 9728),
(177, '2011-04-04', 89892.00, 'Business', 101965314, 9728),
(187, '1965-07-27', 13404.00, 'Checking', 441191876, 9867),
(210, '1914-10-08', 52682.00, 'Savings', 753613296, 9867),
(242, '1939-09-29', 19308.00, 'Checking', 731387458, 9867),
(314, '2007-10-24', 99741.00, 'Checking', 330995644, 9867),
(87, '1946-06-26', 53823.00, 'Checking', 389329084, 9900),
(400, '1943-10-12', 41818.00, 'Savings', 476731602, 9908),
(482, '1969-01-13', 93799.00, 'Checking', 828263610, 9908),
(67, '2018-10-22', 93787.00, 'Checking', 376871988, 9913),
(163, '1981-01-20', 87793.00, 'Checking', 405857428, 9914),
(93, '1914-04-15', 86702.00, 'Savings', 564112374, 9959);

-- --------------------------------------------------------

--
-- Table structure for table `bank`
--

CREATE TABLE `bank` (
  `Bank_ID` int(50) NOT NULL CHECK (`Bank_ID` >= 0),
  `Bank_NAME` varchar(255) DEFAULT NULL,
  `Bank_Address` varchar(255) DEFAULT NULL,
  `Bank_Phone_Number` varchar(20) DEFAULT NULL CHECK (`Bank_Phone_Number` like '05%')
) ENGINE=InnoDB DEFAULT CHARSET=utf8mb4 COLLATE=utf8mb4_general_ci;

--
-- Dumping data for table `bank`
--

INSERT INTO `bank` (`Bank_ID`, `Bank_NAME`, `Bank_Address`, `Bank_Phone_Number`) VALUES
(6, 'Waldon', '71319 Boyd Park', '057-497-7157'),
(55, 'Gifford', '23540 Jana Lane', '054-494-3667'),
(57, 'Francene', '914 Shasta Crossing', '051-064-0624'),
(62, 'Corney', '4 Coolidge Road', '058-808-0187'),
(65, 'Aurlie', '6039 Bobwhite Plaza', '054-734-6514'),
(148, 'Lorry', '73 Packers Avenue', '056-789-9893'),
(168, 'Latrena', '4847 Sutherland Way', '054-929-3557'),
(171, 'Clyde', '49391 Dawn Parkway', '051-643-9620'),
(176, 'Clarissa', '9 Sauthoff Crossing', '053-397-5809'),
(232, 'Michael', '9757 Goodland Junction', '051-173-6340'),
(242, 'Shaine', '8294 Talmadge Terrace', '051-905-7118'),
(254, 'Gaby', '8 Lindbergh Point', '050-481-4259'),
(265, 'Donielle', '18 Cambridge Point', '059-634-5614'),
(270, 'Kimball', '46731 Alpine Pass', '056-439-0739'),
(271, 'Izaak', '4409 Barnett Court', '050-291-2104'),
(291, 'Yetta', '7 Porter Lane', '059-034-5344'),
(417, 'Harmonie', '801 Wayridge Alley', '052-961-8407'),
(421, 'Aurlie', '90 Evergreen Place', '051-623-3095'),
(467, 'Bert', '5142 Sheridan Drive', '055-409-4720'),
(499, 'Dena', '5464 Pond Parkway', '051-807-9602'),
(516, 'Frank', '027 Stuart Avenue', '054-896-3887'),
(523, 'Carolus', '211 Melrose Street', '050-245-0913'),
(568, 'Josephine', '404 Garrison Drive', '055-301-8062'),
(618, 'Ellyn', '95852 Gale Place', '057-170-6455'),
(697, 'Rosalie', '69776 Trailsway Way', '056-929-6827'),
(719, 'Nickie', '43 La Follette Point', '052-545-0053'),
(741, 'Cal', '5483 Manitowish Parkway', '055-744-1218'),
(743, 'Dell', '47 Meadow Valley Drive', '056-386-5663'),
(748, 'Alexei', '7888 Menomonie Trail', '059-696-5828'),
(754, 'Tressa', '921 Bellgrove Crossing', '054-377-5583'),
(757, 'Chadd', '9592 Sycamore Parkway', '058-024-0137'),
(764, 'Melodee', '779 American Ash Drive', '053-139-4321'),
(791, 'Conway', '0103 Veith Road', '053-078-8888'),
(793, 'Augusta', '59 Sunfield Pass', '052-199-3098'),
(794, 'Dody', '77 Ruskin Plaza', '057-975-5804'),
(809, 'Hope', '3 Farmco Way', '051-684-3527'),
(815, 'Lorant', '42427 Rusk Court', '055-560-7062'),
(859, 'Libbi', '3829 Nevada Street', '054-538-5207'),
(877, 'Raymond', '3721 Manufacturers Terrace', '058-971-4694'),
(907, 'Emery', '40 Arrowood Junction', '051-437-1663'),
(925, 'Viviana', '21 School Alley', '056-024-0830'),
(934, 'Cathrine', '2 Division Street', '052-804-4035'),
(1043, 'Adler', '6435 Beilfuss Hill', '056-631-9051'),
(1070, 'Annalise', '257 Grover Center', '052-763-5364'),
(1085, 'Beitris', '934 Mcguire Crossing', '056-185-4646'),
(1093, 'Artie', '87 7th Street', '051-114-1450'),
(1115, 'Leupold', '3 Northridge Point', '057-450-5657'),
(1122, 'Chane', '4 East Way', '051-862-4594'),
(1158, 'Linn', '9 Vidon Drive', '059-198-9053'),
(1188, 'Braden', '4447 Sachtjen Hill', '058-784-9806'),
(1190, 'Catharine', '9 American Trail', '057-022-2451'),
(1237, 'Avivah', '61 Corry Terrace', '055-255-3263'),
(1299, 'Sande', '9 Barby Way', '050-194-0010'),
(1317, 'Hillyer', '11223 Sunbrook Street', '058-798-3576'),
(1319, 'Ileane', '614 Victoria Crossing', '059-062-4495'),
(1321, 'Karil', '2160 Muir Trail', '053-395-6515'),
(1328, 'Eula', '6 Jenifer Street', '050-727-9710'),
(1337, 'Teri', '9 Bultman Plaza', '058-790-2966'),
(1363, 'Chlo', '6 Reindahl Junction', '052-805-0336'),
(1372, 'Bernardine', '328 Chive Lane', '054-411-3947'),
(1377, 'Zolly', '6250 Scoville Alley', '051-571-9265'),
(1396, 'Yolane', '185 Huxley Terrace', '057-999-7567'),
(1441, 'Vonni', '787 Bunting Circle', '053-011-6579'),
(1457, 'Damiano', '34 Reindahl Court', '054-416-1695'),
(1485, 'Seward', '94278 Rusk Point', '057-505-7964'),
(1513, 'Agnola', '468 Miller Point', '053-411-0053'),
(1519, 'Ortensia', '5987 Ridge Oak Point', '058-707-3684'),
(1530, 'Sandy', '584 Mallory Court', '050-944-2014'),
(1587, 'Iain', '6418 Bluejay Street', '058-999-0110'),
(1621, 'Midge', '1634 Kenwood Avenue', '051-187-1564'),
(1622, 'Leslie', '9630 Heath Street', '050-422-9864'),
(1646, 'Morgen', '7044 Valley Edge Place', '054-152-9285'),
(1658, 'Corrine', '82 Lake View Place', '053-352-0552'),
(1669, 'Gallard', '0273 Lakewood Drive', '057-414-5548'),
(1713, 'Emeline', '707 Scott Crossing', '059-888-1031'),
(1715, 'Clementius', '0 Norway Maple Way', '056-192-4807'),
(1721, 'Haze', '0 Hagan Place', '051-220-1132'),
(1772, 'Kim', '9 Colorado Place', '053-283-1045'),
(1789, 'Marius', '46700 6th Court', '056-672-8877'),
(1808, 'Jayme', '563 Maple Plaza', '052-135-1288'),
(1822, 'Janie', '3 Thackeray Way', '055-435-4953'),
(1835, 'Frankie', '94 Banding Way', '052-532-8387'),
(1854, 'Neville', '7 Village Green Plaza', '055-333-8132'),
(1874, 'Carey', '062 Haas Way', '050-867-8376'),
(1893, 'Sky', '42839 Del Sol Terrace', '058-510-7870'),
(1903, 'Filberte', '77455 Kedzie Avenue', '055-610-1351'),
(1908, 'Ellswerth', '852 Toban Junction', '051-230-1167'),
(1928, 'Keary', '8718 Nelson Hill', '056-289-4664'),
(1954, 'Alverta', '18919 International Avenue', '052-987-6600'),
(1960, 'Angil', '9881 Merry Trail', '053-770-3128'),
(1963, 'Audy', '9 Artisan Drive', '054-486-5569'),
(1990, 'Liza', '1016 Fuller Hill', '051-541-4107'),
(2000, 'Hernando', '733 Westridge Court', '056-918-5471'),
(2008, 'Rivi', '342 3rd Center', '051-248-7401'),
(2011, 'Jada', '32318 Parkside Terrace', '058-502-1291'),
(2012, 'Robbyn', '55442 Atwood Place', '050-588-5402'),
(2036, 'Herminia', '52161 Swallow Parkway', '055-628-8455'),
(2044, 'Moyna', '080 Sommers Road', '059-298-5427'),
(2100, 'Elfrida', '943 Merchant Road', '059-819-9550'),
(2149, 'Helen', '9907 Main Alley', '059-765-6416'),
(2172, 'Randall', '735 Laurel Center', '051-940-2898'),
(2173, 'Abbye', '56 Kingsford Point', '051-749-0721'),
(2204, 'Lawry', '094 Esker Road', '053-368-5243'),
(2214, 'Britt', '12921 Sullivan Center', '053-305-9446'),
(2218, 'Ingaborg', '339 Pepper Wood Circle', '057-572-1195'),
(2250, 'Angelita', '93 Del Mar Road', '050-574-1163'),
(2254, 'Kata', '638 Commercial Place', '052-991-4989'),
(2266, 'Bern', '1 Corry Circle', '053-428-7922'),
(2281, 'Conrado', '26 Atwood Road', '056-037-2534'),
(2300, 'Jena', '74 Twin Pines Pass', '054-988-8123'),
(2306, 'Zandra', '978 Holy Cross Parkway', '058-215-3767'),
(2311, 'Pete', '516 Messerschmidt Center', '058-355-8046'),
(2343, 'Rania', '8410 Bellgrove Street', '054-819-4842'),
(2368, 'Charmane', '8 Havey Drive', '053-933-8595'),
(2382, 'Tony', '3696 Tomscot Park', '055-507-4245'),
(2388, 'Randa', '052 Corry Avenue', '053-035-2214'),
(2400, 'Celinka', '8 Garrison Place', '054-902-5679'),
(2475, 'Mariette', '7899 Banding Alley', '057-371-9501'),
(2480, 'Andreas', '1 Helena Court', '051-150-7838'),
(2492, 'Carlo', '08984 Sage Street', '059-676-6386'),
(2525, 'Misty', '81 American Plaza', '051-398-3392'),
(2545, 'Aldon', '516 Sutteridge Crossing', '056-841-1442'),
(2562, 'Stefanie', '1375 Elgar Center', '055-066-2726'),
(2567, 'Ida', '395 Fulton Center', '058-261-8549'),
(2575, 'Emmi', '25240 Fremont Avenue', '052-126-7557'),
(2590, 'Zoe', '99803 Londonderry Lane', '056-731-8584'),
(2606, 'Lydia', '749 Dryden Park', '050-890-8373'),
(2608, 'Devon', '56 Golf View Plaza', '053-605-2383'),
(2616, 'Cthrine', '38 Morningstar Pass', '052-670-3372'),
(2626, 'Aleta', '05 Scofield Hill', '057-470-1980'),
(2631, 'Reggis', '788 Welch Court', '059-974-5907'),
(2641, 'Anette', '024 High Crossing Pass', '058-648-4500'),
(2642, 'Mandel', '807 Eliot Park', '056-906-8937'),
(2687, 'Townie', '75961 Lakewood Gardens Alley', '050-731-7768'),
(2692, 'Roselle', '76 Ridgeway Court', '056-382-7845'),
(2696, 'Alvina', '40 Meadow Valley Court', '050-530-6352'),
(2712, 'Abigael', '806 Alpine Parkway', '059-976-9087'),
(2767, 'Dahlia', '50 Continental Park', '057-367-0381'),
(2804, 'Cherianne', '0481 Hanover Plaza', '058-339-6179'),
(2808, 'Scott', '0058 Farmco Street', '056-367-6584'),
(2816, 'Dyann', '00581 Brown Crossing', '051-807-3251'),
(2829, 'Thane', '87 Washington Drive', '055-081-4082'),
(2857, 'Dianne', '58444 Stephen Court', '059-466-4599'),
(2882, 'Frasco', '47526 Novick Pass', '053-537-3814'),
(2897, 'Kelly', '89418 Forest Dale Parkway', '055-498-0625'),
(2966, 'Bobby', '8 Elgar Circle', '058-671-3033'),
(2990, 'Valery', '93 Hollow Ridge Hill', '051-061-7092'),
(3000, 'Margret', '01610 Monterey Trail', '050-989-4456'),
(3014, 'Jeanna', '18 Raven Point', '054-023-2160'),
(3037, 'Morgana', '2 Ilene Terrace', '054-686-7348'),
(3050, 'Norbert', '9980 Valley Edge Lane', '059-819-8826'),
(3052, 'Randolph', '0513 High Crossing Avenue', '056-437-4947'),
(3063, 'Adria', '35628 Onsgard Lane', '053-003-8405'),
(3083, 'Henrik', '2616 Ridge Oak Junction', '055-248-8281'),
(3124, 'Stephana', '18 Lakeland Lane', '053-814-5310'),
(3154, 'Dolores', '833 Graceland Parkway', '054-041-7366'),
(3193, 'Hyacinthia', '1 Thompson Point', '050-081-8432'),
(3231, 'Huntley', '76052 Golden Leaf Drive', '051-849-7144'),
(3264, 'Beatrice', '49390 School Pass', '058-911-4879'),
(3284, 'Errick', '89 Union Court', '057-808-8588'),
(3290, 'Katlin', '1 Ohio Avenue', '056-813-5348'),
(3292, 'Godfry', '90680 Spohn Parkway', '050-229-0155'),
(3293, 'Vanny', '44 Pearson Hill', '051-053-9111'),
(3303, 'Kleon', '09 Kensington Avenue', '058-040-3598'),
(3323, 'Elinor', '0311 Almo Way', '059-231-4928'),
(3335, 'Jenica', '620 Londonderry Hill', '051-614-5991'),
(3337, 'Chrystal', '90 Straubel Lane', '055-319-0500'),
(3393, 'Rowland', '0321 Mandrake Point', '055-968-2201'),
(3408, 'Terra', '9 Farmco Place', '056-875-4124'),
(3427, 'Hally', '77925 Bluejay Crossing', '059-710-3568'),
(3489, 'Beau', '21750 Mcbride Park', '052-087-8533'),
(3555, 'Adaline', '316 Randy Avenue', '054-137-0815'),
(3591, 'Susi', '2241 Mcguire Road', '058-383-4551'),
(3634, 'Linnea', '980 Lawn Circle', '058-234-5548'),
(3650, 'Karlee', '57461 Eastlawn Court', '058-330-0265'),
(3651, 'Sorcha', '5 1st Junction', '052-472-8612'),
(3662, 'Margaretta', '62 Prairie Rose Trail', '059-683-9013'),
(3677, 'Rodney', '62533 Oak Valley Terrace', '055-317-7242'),
(3684, 'Son', '09052 Charing Cross Road', '055-673-8069'),
(3703, 'Keane', '7055 Butterfield Junction', '059-019-6894'),
(3713, 'Janna', '903 Bayside Drive', '053-998-0517'),
(3724, 'Chrissy', '0285 Almo Place', '058-153-0257'),
(3749, 'Elianora', '531 Spohn Circle', '058-286-4332'),
(3750, 'Nicol', '0 Dahle Center', '050-859-1170'),
(3754, 'Phyllida', '003 Namekagon Road', '053-212-4228'),
(3772, 'Ebony', '132 Graceland Trail', '059-362-8456'),
(3788, 'Angel', '97400 Summer Ridge Lane', '052-323-9131'),
(3789, 'Gratiana', '7933 Ludington Parkway', '055-759-3493'),
(3809, 'Clarence', '52 Waywood Drive', '057-724-2913'),
(3819, 'Nataline', '205 Steensland Pass', '050-970-7392'),
(3825, 'Rozamond', '32242 Elgar Place', '050-518-6502'),
(3879, 'Nickey', '1 Jenna Hill', '056-540-5394'),
(3917, 'Larisa', '9 Express Hill', '053-784-1988'),
(3987, 'Reta', '0 Dwight Park', '052-931-5582'),
(4010, 'Annadiane', '06277 Monument Avenue', '053-174-0886'),
(4015, 'Judd', '99 Dakota Alley', '059-203-2673'),
(4030, 'Elfreda', '46 International Alley', '054-975-9577'),
(4034, 'Cristionna', '0213 Algoma Lane', '057-744-6126'),
(4055, 'Candie', '47850 Oak Valley Drive', '055-315-6539'),
(4065, 'Ethel', '032 Roth Trail', '050-022-2108'),
(4079, 'Odetta', '086 Bay Parkway', '054-786-1936'),
(4087, 'Poul', '87771 Sage Point', '050-079-6534'),
(4100, 'Jobie', '1 Hudson Court', '057-358-1506'),
(4107, 'Gamaliel', '5816 Almo Court', '059-939-1259'),
(4120, 'Marika', '8 Shopko Drive', '051-234-7540'),
(4133, 'Merissa', '82 Duke Terrace', '059-096-8417'),
(4134, 'Janina', '9667 Village Trail', '057-631-6188'),
(4180, 'Ruby', '11122 Esker Lane', '056-731-5912'),
(4209, 'Alanna', '0 Brickson Park Point', '052-018-0248'),
(4220, 'Virgie', '98 Kedzie Drive', '053-579-1307'),
(4261, 'Rici', '5 Merrick Plaza', '055-583-4551'),
(4277, 'Fayina', '9040 Dakota Lane', '054-758-7158'),
(4278, 'Kiersten', '1 Mitchell Center', '054-702-6245'),
(4286, 'Val', '09 Kinsman Point', '056-730-6814'),
(4298, 'Gerta', '72 Lake View Alley', '058-520-2162'),
(4306, 'Annice', '584 Annamark Pass', '050-491-8484'),
(4333, 'Rubie', '4 Jana Street', '052-645-0586'),
(4352, 'Cam', '4593 Armistice Pass', '052-000-8209'),
(4448, 'Jeth', '86487 Iowa Center', '055-905-6472'),
(4466, 'Austine', '484 Twin Pines Center', '051-664-2300'),
(4486, 'Kara', '786 Johnson Center', '055-517-8806'),
(4487, 'Hermy', '1 Ridgeview Center', '055-660-7112'),
(4537, 'Agata', '84 North Alley', '052-528-1741'),
(4559, 'Fonz', '174 Fuller Circle', '052-405-0928'),
(4572, 'Chrissie', '0 Mesta Court', '055-133-2479'),
(4585, 'Elizabet', '5785 Farwell Park', '052-925-0477'),
(4586, 'Silva', '08 Ramsey Alley', '058-493-7369'),
(4601, 'Eva', '4 Autumn Leaf Point', '058-310-7740'),
(4618, 'Brnaba', '09206 School Parkway', '055-478-6510'),
(4619, 'Franni', '84201 Hooker Plaza', '055-211-3513'),
(4648, 'Roldan', '6 American Drive', '055-229-8967'),
(4663, 'Teresina', '3140 John Wall Street', '052-672-5186'),
(4664, 'Noll', '83119 North Avenue', '053-769-2416'),
(4669, 'Delilah', '08519 Harbort Crossing', '058-887-8933'),
(4670, 'Mead', '8 Katie Park', '054-331-1748'),
(4696, 'Lisetta', '628 David Court', '059-008-8856'),
(4712, 'Nickola', '2534 Spaight Place', '050-193-4633'),
(4718, 'Prissie', '52359 Village Green Way', '058-827-2311'),
(4722, 'Zebulen', '93 Lindbergh Drive', '055-740-5264'),
(4782, 'Lianna', '232 Stoughton Junction', '055-646-5797'),
(4801, 'Koren', '29269 Paget Trail', '058-600-3676'),
(4838, 'Coleman', '20 Scott Drive', '057-600-7258'),
(4842, 'Jaimie', '8 Norway Maple Junction', '053-884-6363'),
(4861, 'Nehemiah', '982 Upham Place', '057-262-8975'),
(4895, 'Kristi', '6 Hanover Point', '055-452-1228'),
(4984, 'Marylee', '98 Oak Street', '056-405-8890'),
(4987, 'Gary', '941 Utah Court', '051-160-8310'),
(5009, 'Eddy', '7404 Bayside Alley', '051-275-5663'),
(5031, 'Malanie', '279 Columbus Street', '059-738-5191'),
(5036, 'Elle', '021 Atwood Place', '051-839-2827'),
(5113, 'Beckie', '666 Elgar Court', '057-386-5712'),
(5142, 'Pete', '887 Transport Alley', '055-181-5208'),
(5152, 'Jolyn', '0487 Monument Alley', '057-700-2401'),
(5163, 'Jo-ann', '632 Cardinal Pass', '059-748-0483'),
(5225, 'Hugues', '093 7th Road', '050-722-1509'),
(5234, 'Petra', '47394 Ruskin Drive', '051-347-9191'),
(5257, 'Genevieve', '82845 Cardinal Way', '056-508-8772'),
(5309, 'Daren', '3 Shopko Trail', '059-043-5933'),
(5320, 'Maggie', '22514 Beilfuss Circle', '050-623-9979'),
(5336, 'Stanford', '1223 Westerfield Street', '053-919-9060'),
(5349, 'Niki', '3161 Onsgard Plaza', '055-311-8932'),
(5356, 'Alexandrina', '030 Kropf Parkway', '055-419-2277'),
(5364, 'Ahmad', '197 Amoth Road', '051-294-7265'),
(5422, 'Delilah', '9343 Kinsman Plaza', '050-102-8809'),
(5433, 'Scottie', '7223 Mcbride Way', '053-035-6875'),
(5446, 'Gabriella', '08 Darwin Terrace', '052-876-9486'),
(5464, 'Meara', '1097 Carberry Junction', '053-282-4372'),
(5494, 'Goddart', '46 Cody Junction', '057-644-4479'),
(5553, 'Florry', '30 Main Alley', '050-755-6291'),
(5583, 'Kip', '13 Towne Place', '055-167-7443'),
(5734, 'Britta', '346 Marcy Court', '059-707-0120'),
(5754, 'Garfield', '89211 Macpherson Pass', '054-311-6134'),
(5774, 'Terrie', '23218 Rigney Court', '058-112-3714'),
(5795, 'Sunny', '087 Oriole Road', '055-726-3117'),
(5806, 'Ingeborg', '35882 Browning Hill', '051-310-8393'),
(5808, 'Andy', '79644 Fair Oaks Parkway', '050-965-2842'),
(5857, 'Gena', '0314 Linden Alley', '059-700-1964'),
(5895, 'Stephenie', '2 Armistice Trail', '052-532-1428'),
(5904, 'Andrei', '06381 Mayfield Terrace', '051-958-8634'),
(5931, 'Cairistiona', '7 Canary Terrace', '057-057-7318'),
(5948, 'Elnora', '1234 Ilene Street', '057-421-1713'),
(5967, 'Madelon', '23027 Pond Point', '056-576-6396'),
(6007, 'Andras', '29890 Elmside Pass', '059-684-2303'),
(6010, 'Eleni', '68514 Hooker Road', '051-367-2342'),
(6011, 'Jerrold', '7039 Steensland Alley', '054-194-3153'),
(6023, 'Emlynne', '2470 Fremont Center', '059-473-0069'),
(6024, 'Leonanie', '4728 Donald Point', '057-143-3474'),
(6134, 'Steffie', '78 Calypso Pass', '055-566-5404'),
(6137, 'Washington', '448 Toban Park', '055-662-5318'),
(6164, 'Ivie', '46 Emmet Plaza', '051-611-3139'),
(6212, 'Catlin', '185 Kim Street', '054-285-0953'),
(6230, 'Lisabeth', '6 Donald Lane', '058-817-4040'),
(6242, 'Ilene', '14 Prentice Street', '058-101-3046'),
(6256, 'Gabbie', '139 Dahle Crossing', '050-823-6110'),
(6266, 'Nehemiah', '62592 Hanover Avenue', '059-918-1713'),
(6269, 'Sharline', '9 Crownhardt Street', '050-482-2241'),
(6300, 'Marie', '16 Rockefeller Street', '058-611-6547'),
(6305, 'Ileane', '85 8th Avenue', '055-314-5609'),
(6314, 'Rosana', '21 Del Sol Pass', '051-784-2446'),
(6317, 'Mehetabel', '1157 Dawn Parkway', '052-739-8408'),
(6328, 'Dacey', '983 Fallview Road', '057-142-8420'),
(6331, 'Perri', '24593 Stoughton Terrace', '058-222-1095'),
(6348, 'Astra', '8777 Glacier Hill Parkway', '057-243-7266'),
(6354, 'Robb', '92183 Fairview Street', '059-679-8291'),
(6357, 'Leigh', '661 Bay Hill', '056-547-0646'),
(6360, 'Nadeen', '09745 Melrose Way', '055-847-0711'),
(6364, 'Linn', '5 Corben Parkway', '053-415-1275'),
(6398, 'Claudell', '30892 Ridgeview Court', '054-947-7418'),
(6423, 'Henrie', '150 Anderson Center', '053-269-5500'),
(6435, 'Sena', '260 Helena Street', '053-755-1413'),
(6445, 'Lian', '664 Blackbird Junction', '052-551-7290'),
(6456, 'Krystal', '004 Waubesa Street', '059-068-3234'),
(6458, 'Layton', '0 Reindahl Circle', '053-674-2207'),
(6467, 'Karel', '869 Transport Trail', '051-732-8789'),
(6486, 'Dorris', '74497 Burning Wood Avenue', '053-350-2243'),
(6500, 'Ewan', '19167 Holmberg Point', '059-715-5156'),
(6515, 'Yehudi', '93102 Cherokee Hill', '058-718-3240'),
(6524, 'Vidovic', '26 Michigan Circle', '056-840-0105'),
(6526, 'Cathryn', '7898 Orin Circle', '054-691-9607'),
(6532, 'Cornie', '6 Kenwood Avenue', '050-366-4806'),
(6601, 'Kandy', '65247 Petterle Terrace', '056-798-6574'),
(6614, 'Deirdre', '73980 Holy Cross Court', '055-237-5195'),
(6647, 'Martina', '35449 Hallows Circle', '056-578-3954'),
(6650, 'Daryle', '7345 Moulton Point', '058-269-3305'),
(6663, 'Geralda', '84905 Elgar Hill', '050-259-5088'),
(6687, 'Misty', '1379 Crest Line Place', '051-857-3859'),
(6691, 'Aubrey', '109 Messerschmidt Place', '055-587-8948'),
(6692, 'Jase', '57026 Raven Lane', '056-343-0835'),
(6730, 'Shem', '789 Michigan Circle', '051-595-6758'),
(6733, 'Rochette', '50828 Donald Parkway', '059-114-9208'),
(6742, 'Josefa', '1 Manufacturers Place', '053-647-4783'),
(6754, 'Farrell', '2 Holmberg Road', '050-113-7491'),
(6790, 'Manda', '369 Chinook Alley', '058-181-6681'),
(6822, 'Mickie', '136 Pine View Plaza', '057-210-1560'),
(6862, 'Nike', '7 Mifflin Point', '054-814-2331'),
(6898, 'Kath', '13401 Eliot Center', '054-033-5278'),
(6909, 'Cart', '8 Ridge Oak Terrace', '054-794-4615'),
(6971, 'Nadiya', '094 Eastlawn Pass', '057-579-2486'),
(7004, 'Michaela', '68 Clove Lane', '054-716-4927'),
(7041, 'Harv', '37 Gale Circle', '059-266-0074'),
(7051, 'Salomi', '56426 Tony Circle', '057-553-1981'),
(7084, 'Ransom', '14810 Crownhardt Drive', '057-581-5280'),
(7086, 'Travers', '45748 Bowman Court', '053-858-3775'),
(7097, 'Araldo', '93035 Mesta Center', '055-020-3195'),
(7116, 'Dorette', '9511 Barnett Lane', '051-101-4583'),
(7124, 'Jard', '0009 Hagan Plaza', '052-284-6744'),
(7133, 'Melvyn', '0 Banding Point', '057-447-0792'),
(7142, 'Paxton', '115 Hauk Lane', '050-504-2974'),
(7154, 'Bruno', '4 Johnson Circle', '053-584-2374'),
(7157, 'Audi', '94661 East Circle', '054-753-3075'),
(7168, 'Granville', '45819 Fairview Center', '059-026-3637'),
(7189, 'Berkley', '53 Vahlen Center', '056-899-0393'),
(7240, 'Yetty', '4 Vidon Pass', '050-050-3985'),
(7245, 'Susannah', '20569 Maple Wood Road', '057-506-4226'),
(7285, 'Glenda', '24 Stuart Avenue', '051-482-2123'),
(7289, 'Lesley', '30 Emmet Road', '057-293-7092'),
(7301, 'Karel', '2 Anhalt Way', '052-555-3675'),
(7308, 'Joyan', '7685 Dennis Junction', '054-756-1081'),
(7321, 'Vivianne', '09058 Dakota Street', '058-747-4688'),
(7324, 'Lalo', '62 Prairie Rose Street', '050-887-3228'),
(7333, 'Nealon', '2 Southridge Point', '050-601-7068'),
(7339, 'Del', '6964 Declaration Center', '057-061-8262'),
(7388, 'Brent', '8 Dennis Drive', '051-899-0477'),
(7472, 'Susannah', '13 Arizona Center', '051-793-8058'),
(7475, 'Nicholle', '99253 Londonderry Alley', '050-577-4303'),
(7481, 'Aimil', '18 Westerfield Way', '059-532-7804'),
(7496, 'Wynny', '81367 Parkside Court', '053-065-9668'),
(7519, 'Ashleigh', '7129 Barnett Street', '059-166-3157'),
(7528, 'Daphna', '310 Packers Junction', '058-100-2129'),
(7596, 'Delano', '69 Mallory Point', '053-515-6971'),
(7601, 'Melita', '35755 Hallows Road', '058-286-4057'),
(7603, 'Rosalinde', '38162 Londonderry Way', '059-341-2575'),
(7684, 'Tuesday', '7169 Waxwing Pass', '052-885-6130'),
(7699, 'Conchita', '74077 Meadow Vale Way', '054-276-2570'),
(7758, 'Hanan', '48 Marquette Hill', '059-617-8210'),
(7762, 'Neill', '53469 Marcy Center', '056-283-0150'),
(7776, 'Vaughn', '7 Talmadge Hill', '052-477-5886'),
(7785, 'Anatol', '67 Thierer Park', '058-547-8370'),
(7800, 'Christyna', '095 Ridgeway Alley', '057-521-9655'),
(7810, 'Serge', '3 Hudson Circle', '058-395-2788'),
(7884, 'Amalie', '517 Paget Hill', '056-936-4698'),
(7903, 'Tally', '6390 Karstens Trail', '059-681-5082'),
(7956, 'Gerrilee', '8994 Bowman Trail', '050-518-1923'),
(7991, 'Shir', '29 Tennyson Road', '055-165-5698'),
(8019, 'Bert', '77 Oak Parkway', '050-074-1269'),
(8042, 'Davina', '435 Buell Parkway', '051-888-1154'),
(8060, 'Shaylynn', '909 Portage Point', '051-922-0582'),
(8061, 'Ferdinande', '110 Browning Center', '054-103-1296'),
(8065, 'Vivian', '5 Maywood Place', '051-719-6181'),
(8093, 'Lynnette', '676 Melrose Pass', '057-479-4999'),
(8095, 'Engracia', '717 Barby Center', '052-764-2318'),
(8117, 'Tina', '030 Birchwood Center', '054-964-2471'),
(8144, 'Vincents', '48591 Northwestern Trail', '059-967-1127'),
(8155, 'Karrie', '47966 Summit Trail', '054-000-7512'),
(8158, 'Genovera', '2775 Delaware Trail', '054-244-2770'),
(8169, 'Desiree', '2 Bluestem Point', '056-222-0489'),
(8190, 'Jodi', '85959 Schmedeman Way', '056-773-5657'),
(8212, 'Othella', '43 Stuart Way', '052-064-3651'),
(8250, 'Berti', '3677 Butternut Circle', '050-491-6831'),
(8262, 'Anthea', '15514 Bunting Drive', '051-869-5291'),
(8281, 'Lissy', '969 Grayhawk Hill', '052-375-8998'),
(8315, 'Warner', '02659 Summer Ridge Point', '057-026-1061'),
(8343, 'Clem', '181 Scoville Court', '053-592-4635'),
(8348, 'Leila', '39 Mosinee Street', '055-567-5335'),
(8367, 'Hilario', '0163 Pearson Plaza', '050-359-9361'),
(8382, 'Jenilee', '121 Stephen Lane', '058-938-6880'),
(8405, 'Madelina', '30269 Mockingbird Plaza', '058-936-2787'),
(8415, 'Patin', '9479 Thackeray Crossing', '055-448-2301'),
(8432, 'Nona', '5391 Mccormick Way', '056-137-0011'),
(8492, 'Melantha', '021 Roxbury Junction', '058-768-1273'),
(8519, 'Nicky', '453 Farmco Crossing', '052-549-9183'),
(8521, 'Mellie', '68 Fairfield Drive', '057-118-7703'),
(8544, 'Gloriane', '1993 Reindahl Way', '050-542-2023'),
(8570, 'Maggie', '616 Messerschmidt Place', '055-690-7181'),
(8609, 'Goldarina', '5931 8th Alley', '056-333-4444'),
(8629, 'Katrine', '98042 Maple Trail', '059-944-5002'),
(8673, 'Vernice', '6 Pennsylvania Court', '059-778-4043'),
(8685, 'Ali', '34529 Lunder Drive', '056-022-9164'),
(8721, 'Leupold', '7655 Westerfield Crossing', '055-756-3155'),
(8725, 'Pat', '08518 Burrows Parkway', '052-673-8738'),
(8785, 'Sonny', '405 Fairfield Street', '058-410-2617'),
(8792, 'Patrick', '28696 Troy Hill', '053-044-8963'),
(8806, 'Kylie', '528 Katie Drive', '050-733-1806'),
(8808, 'Albie', '867 Chive Place', '058-671-4661'),
(8835, 'Pandora', '55308 Esker Way', '059-995-2773'),
(8836, 'Raynor', '4335 Stone Corner Way', '050-163-3693'),
(8847, 'Reggy', '340 Gerald Drive', '050-074-3929'),
(8848, 'Burl', '10819 Lawn Park', '058-560-1990'),
(8876, 'Ara', '1 Cardinal Way', '050-015-7198'),
(8886, 'Saw', '8 Grasskamp Circle', '055-297-5298'),
(8906, 'Ciel', '079 Ohio Terrace', '057-868-5653'),
(8933, 'Tricia', '7316 Transport Center', '058-939-5189'),
(8942, 'Arther', '42 Granby Pass', '059-574-7195'),
(8949, 'Nanine', '83988 Commercial Center', '050-393-7427'),
(8955, 'Querida', '4 Heffernan Lane', '054-905-0286'),
(8956, 'Katinka', '29 Jenifer Drive', '059-548-8911'),
(8990, 'Oralia', '0039 Arapahoe Parkway', '059-285-0757'),
(8997, 'Kimbra', '402 Sheridan Street', '056-725-4209'),
(9004, 'Robinet', '99 Mccormick Trail', '053-732-2338'),
(9027, 'Erminia', '7 Tennessee Park', '055-116-0285'),
(9082, 'Putnem', '788 Cardinal Avenue', '056-877-2466'),
(9092, 'Waite', '75 Sunfield Alley', '059-524-4342'),
(9127, 'Florry', '641 Waubesa Court', '057-045-1554'),
(9134, 'Agata', '71151 Mayfield Crossing', '056-848-6641'),
(9142, 'Ruprecht', '3333 Nova Crossing', '051-904-4246'),
(9160, 'Pancho', '97 Village Terrace', '058-230-3874'),
(9188, 'Latrena', '8074 Ronald Regan Lane', '057-158-8877'),
(9189, 'Nerty', '5 Spohn Street', '057-670-3089'),
(9213, 'Mirella', '12 Transport Circle', '052-277-7156'),
(9216, 'Madalyn', '1 Mosinee Place', '057-115-5059'),
(9234, 'Ruddie', '7 Mccormick Place', '058-881-2895'),
(9282, 'Saxon', '77 High Crossing Court', '056-218-5719'),
(9299, 'Gabriel', '175 Lunder Circle', '057-659-6635'),
(9318, 'Jacki', '0065 Lakewood Gardens Drive', '059-685-1456'),
(9335, 'Lanny', '13 Erie Road', '058-240-3934'),
(9336, 'Angil', '9050 Daystar Street', '057-434-8950'),
(9377, 'Sharlene', '959 Dunning Circle', '058-692-4159'),
(9382, 'Devonna', '6 Oak Plaza', '053-485-9487'),
(9383, 'Vinson', '42693 Mosinee Avenue', '054-184-3780'),
(9384, 'Hillier', '0 Emmet Park', '054-473-9215'),
(9393, 'Correna', '685 Straubel Alley', '053-038-9690'),
(9394, 'Scarlet', '69337 Parkside Road', '050-640-9003'),
(9409, 'Carmen', '882 Johnson Point', '058-642-4585'),
(9464, 'Annabell', '2 Veith Plaza', '054-264-7993'),
(9480, 'Melly', '516 David Place', '052-218-6373'),
(9501, 'Rodolph', '35446 Glendale Point', '059-124-4273'),
(9526, 'Anne-corinne', '225 Kinsman Pass', '055-012-9364'),
(9527, 'Channa', '0752 Mcguire Plaza', '053-384-7062'),
(9542, 'Harman', '7208 Meadow Ridge Drive', '051-138-8402'),
(9559, 'Simonette', '4004 3rd Trail', '056-187-8865'),
(9563, 'Peterus', '301 Birchwood Plaza', '054-719-9292'),
(9583, 'Ilario', '7 Burning Wood Pass', '050-730-6008'),
(9608, 'Margery', '982 Coleman Court', '058-794-6569'),
(9640, 'Anetta', '8 Barnett Road', '053-865-5664'),
(9687, 'Skipper', '20298 5th Parkway', '056-230-6871'),
(9722, 'Maridel', '1 Scoville Lane', '056-876-6802'),
(9728, 'Inger', '65213 Maple Way', '050-865-9314'),
(9760, 'Rivy', '26 Anthes Place', '059-799-7758'),
(9799, 'Oran', '20263 Coleman Street', '055-969-0316'),
(9867, 'Phil', '01632 Hagan Road', '053-684-8133'),
(9874, 'Gilburt', '71 Anderson Alley', '053-958-4450'),
(9879, 'Alfie', '1 Lakewood Road', '055-607-1797'),
(9899, 'Colline', '822 Ridge Oak Pass', '059-975-4405'),
(9900, 'Nanine', '602 Mccormick Lane', '050-124-7345'),
(9908, 'Grissel', '62 School Street', '055-692-2743'),
(9913, 'Norrie', '664 Sachs Court', '058-977-9146'),
(9914, 'Terrye', '1 Moulton Crossing', '057-614-9216'),
(9926, 'Herbie', '6 Fisk Circle', '054-705-6068'),
(9933, 'Frederic', '6504 Eagle Crest Plaza', '058-419-1626'),
(9959, 'Nolan', '336 8th Junction', '058-936-7688');

-- --------------------------------------------------------

--
-- Table structure for table `client`
--

CREATE TABLE `client` (
  `Client_ID` int(50) NOT NULL CHECK (`Client_ID` >= 0),
  `Client_NAME` varchar(255) DEFAULT NULL CHECK (!(`Client_NAME` regexp '[0-9]')),
  `Client_Address` varchar(255) DEFAULT NULL,
  `Client_Phone_Number` varchar(20) DEFAULT NULL CHECK (`Client_Phone_Number` like '05%'),
  `Client_Email` varchar(255) DEFAULT NULL CHECK (`Client_Email` like '%@%.%')
) ENGINE=InnoDB DEFAULT CHARSET=utf8mb4 COLLATE=utf8mb4_general_ci;

--
-- Dumping data for table `client`
--

INSERT INTO `client` (`Client_ID`, `Client_NAME`, `Client_Address`, `Client_Phone_Number`, `Client_Email`) VALUES
(698734, 'Scarface', '26736 Messerschmidt Avenue', '054-297-8970', 'skennally24@auda.org.au'),
(1412925, 'Koralle', '290 Muir Point', '050-065-0556', 'kcouchmanb5@boston.com'),
(8307115, 'Karalee', '1 Homewood Crossing', '050-222-2070', 'kbrightling2r@google.co.jp'),
(9131689, 'Carmencita', '89 Crowley Place', '052-148-6115', 'creynea9@mail.ru'),
(9745132, 'Elfie', '1178 Oak Valley Parkway', '050-235-1451', 'ebellowaj@alibaba.com'),
(14090064, 'Vale', '4662 Rowland Park', '058-650-1523', 'vgrestiech@edublogs.org'),
(16251127, 'Debby', '99229 Quincy Hill', '051-417-8804', 'dbaalhamv@unblog.fr'),
(19680041, 'Tirrell', '24553 Buena Vista Street', '058-590-8196', 'tfrancac2@barnesandnoble.com'),
(22231668, 'Ignaz', '922 Dakota Center', '056-386-1785', 'iwagenen1y@parallels.com'),
(22796703, 'Tyson', '8 Hanover Trail', '051-910-6170', 'tcairns50@narod.ru'),
(24623288, 'Quillan', '49581 Cambridge Drive', '051-982-1065', 'qcarlone5a@toplist.cz'),
(26582336, 'Talyah', '31 Hagan Pass', '058-529-6908', 'tjehaes76@nydailynews.com'),
(34153575, 'Barbee', '9400 Hoffman Court', '052-565-2782', 'bbernardotte9w@vk.com'),
(35209636, 'Obidiah', '67518 Del Sol Plaza', '051-924-7185', 'owoans@fc2.com'),
(35811931, 'Orly', '99743 Comanche Drive', '052-875-6298', 'oinderwick2d@comsenz.com'),
(36554408, 'Nana', '72627 Browning Lane', '059-324-9269', 'nretallick5b@princeton.edu'),
(36775690, 'Eward', '932 Artisan Hill', '051-160-3598', 'emarkel8x@japanpost.jp'),
(39865324, 'Aurthur', '96 Barby Circle', '051-301-9163', 'abacchus13@va.gov'),
(41634794, 'Nollie', '199 Grayhawk Lane', '058-617-7031', 'nnaismithm@nba.com'),
(42718538, 'Wendye', '4 Carpenter Junction', '057-019-8848', 'wsowman4x@reuters.com'),
(49561924, 'Georgianne', '07 Fordem Trail', '053-000-7667', 'gsinnottz@shareasale.com'),
(50639103, 'Silas', '953 Roxbury Place', '050-671-7286', 'springell92@newsvine.com'),
(54292402, 'Donovan', '99 7th Junction', '055-028-9945', 'dstanfield12@taobao.com'),
(59339372, 'Adriaens', '7 Bunker Hill Court', '057-931-5694', 'ajandourekap@wikimedia.org'),
(60397516, 'Alison', '342 Hanover Junction', '056-365-9097', 'adismore4z@dropbox.com'),
(60754625, 'Candi', '36611 Vera Road', '059-077-3147', 'cmintrim31@uol.com.br'),
(60772889, 'Alyosha', '26967 Annamark Point', '052-682-9226', 'aashlin1m@soundcloud.com'),
(62373068, 'Gray', '4479 Anderson Court', '055-316-3688', 'ghagard4w@hp.com'),
(69350625, 'Ester', '01692 Anthes Trail', '053-111-2325', 'ejoslowe@springer.com'),
(70165790, 'Dulce', '287 Havey Avenue', '056-283-3006', 'dpittwood6x@hubpages.com'),
(74725547, 'Thomas', '824 American Hill', '059-835-6626', 'tdowdam4j@webs.com'),
(75043224, 'Jimmie', '9 Loeprich Junction', '051-989-4031', 'jprimakaf@cpanel.net'),
(75114692, 'Gill', '2286 Fair Oaks Point', '056-139-3776', 'gdeeson4p@networkadvertising.org'),
(78983718, 'Levon', '139 Mifflin Street', '052-276-0837', 'lhydechamberscd@creativecommons.org'),
(80671752, 'Peria', '3 Canary Center', '059-613-9036', 'psciusscietto6k@yahoo.co.jp'),
(81217724, 'Marius', '62 Hintze Junction', '058-311-8105', 'mlevick7z@wisc.edu'),
(85507964, 'Bertine', '1002 Birchwood Junction', '052-306-7369', 'bcuddr@springer.com'),
(86363722, 'Osborne', '14 Starling Place', '057-511-1378', 'ozotto7s@gizmodo.com'),
(89171627, 'Ron', '3234 Sloan Avenue', '051-614-9841', 'rbottby32@elegantthemes.com'),
(96676372, 'Ethelda', '55 Sloan Center', '050-931-3245', 'esallan86@unesco.org'),
(98039514, 'Ellary', '7 Cody Point', '050-222-9164', 'ehyland6o@guardian.co.uk'),
(98179428, 'Tulley', '1 Portage Park', '051-595-7329', 'tmcdavid66@live.com'),
(100546241, 'Bartholomeo', '08509 Fieldstone Point', '058-387-0169', 'bthackwray1l@baidu.com'),
(100730362, 'Cece', '6200 Jackson Drive', '058-808-0755', 'cwoodhamg@google.com'),
(101965314, 'Hanson', '65 Nevada Terrace', '056-496-9646', 'hmaliphant9u@linkedin.com'),
(106935107, 'Keriann', '91 Linden Avenue', '053-438-1326', 'kridewood1f@devhub.com'),
(107205859, 'Berkie', '3 Novick Place', '058-805-4183', 'bmasterton5u@house.gov'),
(107727213, 'Del', '61032 Parkside Pass', '051-145-4197', 'dhartwell8z@shop-pro.jp'),
(109192715, 'Brant', '5 Nancy Way', '053-140-6334', 'bstoney43@sciencedaily.com'),
(111079607, 'Lucretia', '4 Michigan Avenue', '059-030-2051', 'lbroxap3f@cnbc.com'),
(114721156, 'Powell', '95491 Elka Drive', '056-209-8473', 'plavington3g@sfgate.com'),
(117056433, 'Arlan', '09 Del Mar Pass', '058-020-4905', 'aandriulis54@diigo.com'),
(123302763, 'Harper', '676 Hansons Crossing', '055-261-7458', 'hmccreedy11@cpanel.net'),
(125308751, 'Harwell', '0335 Bluejay Crossing', '052-852-9447', 'hesslemont29@mashable.com'),
(133700930, 'Toby', '8 Heath Point', '056-483-1237', 'teggleton5m@webs.com'),
(138251265, 'Reginald', '3549 Talmadge Place', '057-804-5757', 'rbowcockaa@wsj.com'),
(139004762, 'Nicola', '507 Saint Paul Place', '052-227-7437', 'nlongman55@themeforest.net'),
(141439317, 'Vite', '15 Bashford Plaza', '059-342-2382', 'vpaddingdon18@shutterfly.com'),
(142006720, 'Daisie', '56332 Service Park', '051-510-8220', 'dcrookshankb3@google.com.br'),
(142748805, 'Bernard', '1437 Fairfield Plaza', '053-524-6886', 'bslimani@time.com'),
(147904149, 'Onfroi', '52333 Springview Place', '050-135-3765', 'orubenov6p@paginegialle.it'),
(148919331, 'Georgia', '0 Charing Cross Crossing', '053-420-6798', 'ggurry3d@odnoklassniki.ru'),
(150868433, 'Korie', '1623 Granby Parkway', '052-352-3182', 'kbenezetp@reuters.com'),
(150930753, 'Jarad', '3 Westport Place', '058-497-0603', 'jwaycot8d@shutterfly.com'),
(156634349, 'Maiga', '530 Burning Wood Parkway', '058-002-0178', 'maugur3x@myspace.com'),
(162164743, 'Morgen', '7689 American Ash Junction', '051-800-3721', 'msamwell2o@shutterfly.com'),
(162184632, 'Marlane', '5208 Manufacturers Drive', '051-909-5790', 'mfysh7v@huffingtonpost.com'),
(163356563, 'Jerry', '7052 Knutson Pass', '056-413-3544', 'jcrampsy8j@newsvine.com'),
(164774400, 'Angela', '1 Debra Place', '055-351-6203', 'awyllcock4a@yelp.com'),
(166029706, 'Sharia', '5290 Lakewood Gardens Hill', '053-465-8280', 'sbeera1@newyorker.com'),
(167921303, 'Marmaduke', '26984 Monterey Trail', '059-373-4029', 'mambrosoli3v@privacy.gov.au'),
(170525670, 'Emilee', '28126 Mendota Drive', '058-641-1447', 'ebeeching6c@hugedomains.com'),
(171559096, 'Phil', '90 Jenna Hill', '057-787-2399', 'phuckellb6@typepad.com'),
(171883449, 'Trula', '6 Village Way', '056-320-4642', 'thudspeth6v@senate.gov'),
(172443108, 'Ransom', '41 Trailsway Drive', '051-357-9820', 'rcorzor93@rambler.ru'),
(175904163, 'Amabelle', '918 Oxford Avenue', '058-219-7670', 'ahouten5p@army.mil'),
(176230953, 'Merv', '73288 Stephen Alley', '051-116-8745', 'mfransoni9c@fastcompany.com'),
(177375053, 'Emmerich', '2117 Ramsey Lane', '057-154-5057', 'egoude5o@pinterest.com'),
(178425934, 'Iain', '2977 7th Pass', '056-502-3788', 'iguntonaz@mail.ru'),
(179129493, 'Christi', '88 Susan Terrace', '055-720-7347', 'ccasiero4g@slashdot.org'),
(180051839, 'Janina', '83239 Hoepker Parkway', '050-141-2953', 'jyousefbq@godaddy.com'),
(180804353, 'Lynette', '2 Muir Drive', '057-678-4171', 'lvogele1a@oakley.com'),
(182588215, 'Cecilla', '46 Wayridge Hill', '053-723-8858', 'cgibby2u@disqus.com'),
(183193392, 'Alissa', '35309 Farwell Trail', '056-403-0326', 'ajahns7k@howstuffworks.com'),
(187649825, 'Lana', '6316 Duke Road', '050-969-2177', 'lharmaras@tinypic.com'),
(187969316, 'Stillman', '527 Springview Street', '058-281-3808', 'smcphillimey8c@tripod.com'),
(189541957, 'Sasha', '7 Summer Ridge Road', '058-461-0870', 'sbattye7g@dedecms.com'),
(190046781, 'Mariellen', '4 Dapin Center', '053-460-1203', 'mivashkin75@example.com'),
(191156257, 'Ailbert', '16 Pine View Hill', '052-302-8219', 'aduffell7n@hhs.gov'),
(191611665, 'Jaquenetta', '19784 Fisk Crossing', '055-174-0067', 'jranfield96@vinaora.com'),
(193349516, 'Duane', '3877 Chive Court', '052-873-7487', 'dzorzoni5d@tinypic.com'),
(193456285, 'Hillel', '173 Katie Pass', '059-255-9370', 'hhallasac@google.ca'),
(195658111, 'Caspar', '468 Heffernan Parkway', '054-579-0987', 'charroll5h@php.net'),
(197497274, 'Meghan', '42 Anzinger Terrace', '052-290-6493', 'mduberry79@harvard.edu'),
(199438530, 'Edy', '82 Dapin Junction', '051-833-9600', 'ejiggens8q@wikipedia.org'),
(199721304, 'Amby', '8218 Thompson Crossing', '056-642-4134', 'adauney1u@barnesandnoble.com'),
(199726674, 'Karin', '0997 Summit Drive', '056-835-8950', 'kborrett38@is.gd'),
(200338135, 'Richart', '479 Bellgrove Point', '053-024-2433', 'rrobic48@simplemachines.org'),
(211079957, 'Cyndy', '4 Ronald Regan Road', '058-517-5405', 'ceverexbx@plala.or.jp'),
(213309493, 'Letta', '2 Carpenter Court', '051-888-4974', 'lathey2f@friendfeed.com'),
(215678371, 'Leonelle', '0 Coleman Road', '052-711-9355', 'lsallingsb1@sciencedirect.com'),
(217897791, 'Svend', '0 Mcguire Terrace', '050-923-1174', 'straytonah@dedecms.com'),
(223837704, 'Teodoor', '0 Mitchell Avenue', '050-623-5358', 'tkeward6h@wiley.com'),
(225218832, 'Dave', '670 Shoshone Park', '053-841-2772', 'dbuttery99@cargocollective.com'),
(225560666, 'Gregoor', '13 Vahlen Place', '058-789-0848', 'gtiplingo@nydailynews.com'),
(228292924, 'Timmie', '8025 Thierer Terrace', '052-607-2083', 'tickeh@mashable.com'),
(230834627, 'Adrienne', '39 Ridgeview Trail', '055-296-1851', 'awillerton6m@sakura.ne.jp'),
(230925347, 'Fred', '57987 Tennessee Lane', '058-051-7372', 'fatkins6f@mysql.com'),
(235483338, 'Bertrando', '46457 Bluejay Street', '055-770-2042', 'bfoulcher1v@ca.gov'),
(237035259, 'Ingemar', '218 Heath Junction', '053-591-4942', 'iambrogelli1n@tumblr.com'),
(237211393, 'Laurens', '01773 Buena Vista Street', '056-333-0336', 'lwitheya0@vinaora.com'),
(241286885, 'Willi', '394 Bonner Hill', '058-336-9554', 'wpennells98@utexas.edu'),
(242016348, 'Fernanda', '82 Mcguire Drive', '053-306-3364', 'fdenyakin8h@craigslist.org'),
(249703584, 'Kilian', '52547 Bluejay Pass', '056-732-5201', 'kreynard9r@apache.org'),
(250075696, 'Flora', '1614 Hudson Court', '058-410-6882', 'fquested42@upenn.edu'),
(255643665, 'Javier', '8 Sutherland Drive', '059-644-5349', 'jbassil25@lulu.com'),
(260093005, 'Helaina', '5321 Nova Lane', '057-402-9955', 'hrhymesa3@etsy.com'),
(261069289, 'Hurley', '7 Stephen Point', '058-901-5221', 'hkencottc6@icio.us'),
(265184224, 'Shanna', '28689 Cottonwood Terrace', '057-109-0881', 'sinoldb4@chron.com'),
(266424245, 'Bobby', '4396 Forest Way', '055-448-9837', 'blonsdale1t@nature.com'),
(269111903, 'Fae', '0 2nd Junction', '053-362-4075', 'fbromige2w@e-recht24.de'),
(269228894, 'Boy', '312 Lunder Hill', '054-390-3615', 'bkernocke3o@arizona.edu'),
(274252120, 'Adan', '8 Aberg Hill', '052-637-3287', 'amenicomb2q@mayoclinic.com'),
(275362477, 'Irene', '2 East Trail', '058-701-4130', 'iuebelf@networkadvertising.org'),
(275769850, 'Antonina', '8780 Oriole Drive', '053-143-9931', 'agratten6j@taobao.com'),
(280008834, 'Fair', '5282 Dakota Drive', '053-635-8298', 'ftomaszek9t@who.int'),
(282270406, 'Vernon', '8 Little Fleur Road', '052-207-8871', 'vjallin5s@shinystat.com'),
(285136288, 'Ariel', '9994 Oxford Lane', '053-453-9296', 'ailiffbk@artisteer.com'),
(286211840, 'Balduin', '596 Jackson Road', '059-102-5976', 'bmanicomc8@google.com.au'),
(286281729, 'Darill', '6767 Ramsey Alley', '055-409-9596', 'dcrouseag@sciencedaily.com'),
(286705656, 'Heindrick', '62 Starling Alley', '050-298-4349', 'hsinden1j@upenn.edu'),
(288066299, 'Nada', '26633 Welch Drive', '056-823-6022', 'nclaricoates3a@freewebs.com'),
(291134930, 'Camellia', '28 Muir Road', '059-346-9785', 'cdoblin8n@apple.com'),
(292046907, 'Tillie', '1040 Holy Cross Plaza', '058-420-4495', 'tbirtwisle58@topsy.com'),
(293010608, 'Philippe', '5 Drewry Junction', '057-284-7683', 'planham7a@google.com'),
(293996594, 'Audry', '6406 Saint Paul Parkway', '059-857-8056', 'agarey4c@ucla.edu'),
(294937542, 'Annalise', '71 Northview Point', '055-847-8000', 'ajirick7p@friendfeed.com'),
(295476336, 'Judye', '822 Declaration Trail', '056-958-2850', 'jcuerdabr@hexun.com'),
(296847238, 'Townie', '4840 Fuller Point', '053-142-6210', 'tegarby@army.mil'),
(298030771, 'Denna', '1749 Melby Court', '053-092-8260', 'douletc0@gnu.org'),
(303997561, 'Herminia', '21297 Corscot Plaza', '057-766-2975', 'hcalliss9@people.com.cn'),
(305771908, 'Modestine', '789 Fuller Center', '050-054-4500', 'mdantesia74@cbsnews.com'),
(311132020, 'Winifred', '8898 Grasskamp Place', '053-672-2621', 'wculbert30@whitehouse.gov'),
(315490203, 'Elyssa', '79804 Lake View Pass', '053-195-9752', 'ecorballycf@ucsd.edu'),
(320485811, 'Cliff', '22 Hooker Terrace', '050-870-4513', 'cmateescu1e@example.com'),
(326170225, 'Rustin', '57 Oak Valley Junction', '051-357-8917', 'roubridgebi@yellowbook.com'),
(326232471, 'Albrecht', '23 Orin Place', '058-883-4473', 'acollibear27@fda.gov'),
(326622839, 'Randall', '26502 Tennessee Street', '051-568-7703', 'rlucy1g@etsy.com'),
(327205172, 'Rasia', '0443 Pleasure Terrace', '054-138-8064', 'raudiss7r@cbc.ca'),
(327598878, 'Fianna', '001 Steensland Center', '050-716-1734', 'fspick7@mozilla.org'),
(330294290, 'Maure', '5693 Eastwood Avenue', '059-112-1237', 'mnabbs1r@mac.com'),
(330995644, 'Trefor', '0 Petterle Road', '051-619-2297', 'tarsmithal@wsj.com'),
(331773085, 'Royce', '5214 Colorado Court', '054-651-7330', 'rfrippsau@slashdot.org'),
(333242259, 'Wynne', '37 Reindahl Plaza', '050-961-9592', 'wzecchiibo@stumbleupon.com'),
(336710027, 'Sheff', '9915 Stuart Court', '059-922-6798', 'sshasnanca@buzzfeed.com'),
(338080545, 'Annaliese', '39 School Center', '059-873-5207', 'apulbrook90@whitehouse.gov'),
(339124941, 'Curr', '41790 Bunting Way', '056-063-2415', 'chugin7j@boston.com'),
(341799556, 'Tony', '33754 Moose Road', '056-661-3533', 'tsapenab@google.ru'),
(342153843, 'Felipe', '478 Dakota Crossing', '052-770-7079', 'fglasheen5k@wikimedia.org'),
(344129984, 'Aylmer', '11 Green Junction', '051-959-4579', 'ascreechar@salon.com'),
(348203587, 'Yvonne', '2 Golf View Plaza', '056-404-9027', 'ygerasch8k@ed.gov'),
(350127591, 'Margarita', '27 Crescent Oaks Street', '051-392-6870', 'mboynes47@businessinsider.com'),
(350762211, 'Fielding', '76120 Russell Center', '059-406-5128', 'fbraunes36@reddit.com'),
(350939066, 'Valentin', '213 Clove Road', '050-845-5762', 'vinderwick5v@deliciousdays.com'),
(358721120, 'Ewan', '2 Esch Pass', '053-503-2865', 'ekiely6@51.la'),
(360105660, 'Nelia', '992 Utah Crossing', '059-774-3401', 'ntickela5@sfgate.com'),
(361525504, 'Berty', '4 Acker Pass', '058-014-4667', 'bdibdin4d@com.com'),
(364954139, 'Joyan', '4 Spaight Street', '058-154-1644', 'jridesdale3u@godaddy.com'),
(366142137, 'Jerrold', '72 Doe Crossing Drive', '051-300-4856', 'jrosenbusch64@ifeng.com'),
(367600340, 'Keri', '1 Maple Wood Junction', '054-491-3594', 'krosenkrantzbv@bizjournals.com'),
(369191648, 'Kaja', '5 Garrison Crossing', '058-402-6378', 'khenriet8e@quantcast.com'),
(376738624, 'Geraldine', '2 Graedel Street', '056-054-1361', 'gsunner2t@homestead.com'),
(376871988, 'Rasia', '377 Kim Trail', '050-876-7897', 'rflahy80@amazon.co.jp'),
(378409220, 'Rora', '05405 Northfield Plaza', '059-740-5214', 'rbroke87@opera.com'),
(386097836, 'Benedicto', '0 Debs Plaza', '054-840-9476', 'bwille3e@unblog.fr'),
(386280582, 'Xever', '16 Arizona Court', '054-691-6191', 'xwhorltona6@ow.ly'),
(389128138, 'Cynthea', '089 Cody Drive', '058-866-5628', 'cantoshin85@accuweather.com'),
(389329084, 'Carie', '6 Lindbergh Crossing', '058-832-1539', 'cdayly2s@amazonaws.com'),
(389435368, 'Nicoli', '9137 Anhalt Parkway', '051-464-7649', 'nlarham9p@aol.com'),
(393458687, 'Ada', '13501 East Trail', '059-634-8581', 'awinslet2v@bluehost.com'),
(393527136, 'Shana', '7526 Nova Crossing', '055-154-1851', 'skeepebc@alexa.com'),
(398416970, 'Helge', '11029 Graceland Place', '053-949-6826', 'hgiacopellobs@slate.com'),
(400697197, 'Bevvy', '318 Dennis Trail', '050-512-0585', 'bgras8@ucoz.ru'),
(400907164, 'Cyndia', '580 Prentice Trail', '055-316-3397', 'cearry2p@drupal.org'),
(404091304, 'Sula', '0829 Dapin Terrace', '058-445-4951', 'svaiseyb7@mayoclinic.com'),
(404173620, 'Amerigo', '4796 Hallows Lane', '056-842-0218', 'aroutham7o@elegantthemes.com'),
(404626621, 'Yolanda', '93 Morningstar Alley', '051-907-7309', 'ycoathup4s@apache.org'),
(405857428, 'Norby', '751 Riverside Crossing', '057-086-2784', 'ngraundisson6z@addthis.com'),
(408062481, 'Olivier', '70 Amoth Terrace', '055-565-9595', 'ojakucewicz9j@ca.gov'),
(408870753, 'Linnet', '927 Graceland Center', '051-647-5136', 'lspeakeb0@yandex.ru'),
(408923922, 'Brinna', '2754 Division Circle', '059-288-5424', 'bbrogiotti3z@oakley.com'),
(412397611, 'Rosalind', '962 Sloan Avenue', '053-199-2876', 'rdarycott9b@japanpost.jp'),
(412915108, 'Cassy', '89 Sundown Park', '056-871-0488', 'cgiovannettib2@twitter.com'),
(420469033, 'Emory', '4 Tennessee Drive', '052-770-4793', 'ehannbz@nsw.gov.au'),
(421766024, 'Giff', '20788 Roth Way', '051-835-5187', 'gplose17@google.cn'),
(422480606, 'Killian', '62 Judy Trail', '051-818-2357', 'ktuxill95@yahoo.co.jp'),
(424665837, 'Ninetta', '6 Pond Parkway', '057-732-3556', 'npaulya7@mlb.com'),
(424965769, 'Aleksandr', '06 Fordem Junction', '053-973-7221', 'abarnson1p@chicagotribune.com'),
(425777956, 'Waldo', '7 Waywood Center', '052-944-1987', 'wpaulitschke4f@myspace.com'),
(428383221, 'Almeda', '349 Memorial Junction', '059-514-6309', 'acapstick3p@blinklist.com'),
(429615344, 'Carolyn', '4286 Lukken Lane', '057-807-2783', 'cstolte9i@archive.org'),
(432508913, 'Danielle', '91998 Village Park', '050-045-7086', 'dreedsd@census.gov'),
(433108199, 'Lenore', '063 Maple Wood Road', '053-968-2447', 'lwalczak5i@walmart.com'),
(437358170, 'Alano', '3100 Buell Park', '058-080-2106', 'agiurioj@jimdo.com'),
(439961587, 'Brendin', '12549 Elmside Point', '051-574-3591', 'bhobden45@123-reg.co.uk'),
(441191876, 'Rivi', '54 Schlimgen Alley', '057-381-3427', 'rdadya8@dot.gov'),
(442709276, 'Dicky', '0973 Pawling Parkway', '052-608-5628', 'dtart1s@prweb.com'),
(446330439, 'Mirabel', '23 Gateway Parkway', '055-378-7604', 'mkennicottaw@uiuc.edu'),
(448147790, 'Jase', '8 Lyons Street', '058-003-1954', 'jlampaertc5@whitehouse.gov'),
(451530382, 'Lloyd', '34162 Bashford Plaza', '058-783-9182', 'lcollough5e@usnews.com'),
(451754902, 'Velma', '16376 International Trail', '057-719-4273', 'vlarterbb@163.com'),
(451786191, 'Lane', '04086 Village Green Place', '054-670-3319', 'lclaridgece@ucla.edu'),
(459513545, 'Monica', '824 Alpine Park', '054-526-0526', 'mliles15@wordpress.org'),
(462482432, 'Giraud', '927 Loftsgordon Terrace', '050-711-6916', 'gbanasevich7b@altervista.org'),
(462880574, 'Richard', '5 Stang Parkway', '052-611-9273', 'rkeiling2@chron.com'),
(464166551, 'Roddy', '252 Nancy Pass', '050-618-9584', 'rparris1i@sogou.com'),
(465569682, 'Cody', '79 West Junction', '059-369-3623', 'ctyce8g@mail.ru'),
(467345123, 'Warden', '9 Anthes Drive', '053-852-2572', 'whughlin2z@yellowpages.com'),
(468774370, 'Lila', '9 Waxwing Park', '056-323-2657', 'lmew6n@shop-pro.jp'),
(472670854, 'Cordi', '869 Daystar Crossing', '055-363-8623', 'crennbw@barnesandnoble.com'),
(474850104, 'Chaunce', '1 Glacier Hill Plaza', '052-304-2067', 'cmawditt4m@ebay.co.uk'),
(476731602, 'Ransell', '300 Messerschmidt Crossing', '058-572-0552', 'rrilton7x@1und1.de'),
(477850478, 'Fina', '6 Scoville Way', '056-528-5253', 'fruncieman41@ed.gov'),
(478364045, 'Bree', '87 Charing Cross Crossing', '051-559-9970', 'blongwood6r@pcworld.com'),
(482825255, 'Tracy', '2 Crescent Oaks Junction', '057-640-5598', 'teustis2y@mayoclinic.com'),
(485786875, 'Jennee', '194 Buena Vista Park', '055-130-7023', 'jevesque8v@goo.gl'),
(485960160, 'Alane', '0 Maywood Hill', '051-153-8892', 'adunkinson7q@arstechnica.com'),
(486451156, 'Kristo', '3908 Corscot Terrace', '054-878-1584', 'kagget2k@xing.com'),
(489097484, 'Daisie', '6216 Bartelt Parkway', '052-856-8883', 'dgownge5f@cnet.com'),
(494031751, 'Edmon', '827 Susan Park', '057-850-8990', 'ehurry9a@pbs.org'),
(495987774, 'Ulrich', '21921 Carey Terrace', '056-467-1148', 'uupstonea@blogs.com'),
(497111456, 'Teriann', '658 Aberg Circle', '055-015-3561', 'tdavioud78@zdnet.com'),
(498663123, 'Lurleen', '5 Vahlen Parkway', '059-980-8656', 'lnorridgebh@feedburner.com'),
(499856875, 'Eran', '95493 Waubesa Court', '054-158-1507', 'emughal34@cnet.com'),
(501132860, 'Herc', '07 Orin Park', '051-165-1868', 'hstation4r@soundcloud.com'),
(506131284, 'Mandi', '7278 Elgar Court', '056-549-3950', 'mfearnyhough4i@vkontakte.ru'),
(507375619, 'Truda', '595 Grasskamp Street', '056-739-3720', 'thawk22@vk.com'),
(507380500, 'Aviva', '3 Westridge Alley', '053-424-4190', 'achestertonx@hhs.gov'),
(507886684, 'Deanna', '3 Longview Parkway', '055-216-8671', 'dpasquale23@tiny.cc'),
(508236563, 'Georgina', '463 Calypso Terrace', '055-644-0067', 'gblowfelde9h@edublogs.org'),
(512083212, 'Shurwood', '50815 Farragut Plaza', '051-208-1902', 'sroxby6g@com.com'),
(512954008, 'Henrik', '55 Swallow Street', '053-262-2401', 'hsante7e@wikimedia.org'),
(513521344, 'Cassandre', '032 Victoria Trail', '055-671-8975', 'ceynon4k@miibeian.gov.cn'),
(515254990, 'Reggie', '86487 Hooker Way', '059-226-4420', 'rworvill6w@yahoo.com'),
(517346694, 'Ashlan', '24822 Northview Street', '051-935-2625', 'acraykerbl@nasa.gov'),
(518361253, 'Daron', '86289 Mcguire Park', '051-762-0790', 'dburdass6b@bigcartel.com'),
(519414615, 'Ella', '79 Larry Park', '053-507-7005', 'egullen2m@bbb.org'),
(522187667, 'Elbertina', '5530 Declaration Court', '056-906-3338', 'ebeachampc4@hud.gov'),
(523366355, 'Ricard', '05 Doe Crossing Center', '058-838-5672', 'rgores5n@wired.com'),
(536261356, 'Ives', '2 Knutson Center', '058-528-1975', 'isharples72@businessinsider.com'),
(537534381, 'Terrence', '2 Arkansas Junction', '059-905-3134', 'tsilbersak1q@tmall.com'),
(539145460, 'Marilyn', '3 Sutherland Road', '056-797-2869', 'mbethune19@earthlink.net'),
(544313021, 'Elnora', '2 Surrey Terrace', '054-170-9090', 'eleathemc@ed.gov'),
(545658292, 'Reinwald', '25118 Scoville Court', '053-415-8450', 'rhallewell8y@imageshack.us'),
(546410484, 'Rodolphe', '6 Almo Terrace', '056-305-9768', 'rjedraszczykc9@eventbrite.com'),
(547814995, 'Eduino', '74 Grasskamp Junction', '054-599-5123', 'ecaseley5x@redcross.org'),
(549274580, 'Egan', '8 Sutteridge Terrace', '057-939-1790', 'efeetham40@gmpg.org'),
(550201629, 'Rodd', '49616 Arkansas Road', '057-377-6498', 'ralekhov44@ucsd.edu'),
(556374684, 'Vivienne', '6496 Fallview Center', '052-737-0772', 'vughetti73@ustream.tv'),
(559790862, 'Wilfred', '6907 Westend Point', '052-146-4788', 'wwindle8u@virginia.edu'),
(560293929, 'Malachi', '62 Spohn Place', '054-037-1052', 'mmattholie7y@disqus.com'),
(561709442, 'Evangeline', '97 Anzinger Road', '056-878-6723', 'etweedlie94@addtoany.com'),
(562045677, 'Griffie', '79 Barby Street', '050-357-8203', 'gscutter3m@elegantthemes.com'),
(563216301, 'Domenic', '4 Milwaukee Drive', '051-819-8592', 'dherley3y@irs.gov'),
(564112374, 'Alexi', '4 Utah Park', '053-560-4296', 'awoliter10@ameblo.jp'),
(566563252, 'Vilma', '31071 Twin Pines Drive', '053-316-2823', 'vcharlwood2h@dyndns.org'),
(567640375, 'Alysa', '0418 Nelson Place', '053-030-9729', 'afurst63@addtoany.com'),
(567977670, 'Josephine', '2852 Westridge Crossing', '050-781-7333', 'jcarmont9k@mapy.cz'),
(568426846, 'Damara', '376 Lakeland Drive', '055-918-3018', 'dbasekebt@fotki.com'),
(568700130, 'Lorrayne', '88720 Raven Circle', '057-786-0520', 'lkidman61@bloomberg.com'),
(570632627, 'Helge', '49266 Cottonwood Alley', '058-612-0930', 'hdanielsson9f@fc2.com'),
(572408562, 'Ermina', '4 Meadow Vale Parkway', '055-762-0214', 'edugoodw@amazon.de'),
(577816737, 'Lorene', '9 Hanson Junction', '055-689-5196', 'lproctor9l@i2i.jp'),
(580070231, 'Deina', '43 Anzinger Junction', '055-085-2292', 'dboorne2c@uiuc.edu'),
(582368852, 'Shalom', '0 Browning Center', '051-081-9524', 'smattessen14@gmpg.org'),
(583182399, 'Conrado', '110 Holmberg Parkway', '052-679-3299', 'cquiddington81@digg.com'),
(585598187, 'Noelani', '2 Bonner Junction', '056-207-5993', 'nlis3t@abc.net.au'),
(585986398, 'Allyce', '1845 Glacier Hill Pass', '055-942-0131', 'amcgeagh5l@tmall.com'),
(586756343, 'Cam', '2 Longview Crossing', '058-976-4764', 'cwaugh7h@about.me'),
(586809995, 'Veronique', '5 Main Hill', '057-781-0489', 'vdowne7l@senate.gov'),
(588750006, 'Pembroke', '48 Westend Road', '050-743-2145', 'plorand8i@indiatimes.com'),
(589620609, 'Joellyn', '81 Crowley Place', '058-084-2290', 'jjozsef5q@webs.com'),
(592082060, 'Pearla', '68 Goodland Road', '056-590-4356', 'pgrinishina4@google.de'),
(592489288, 'Towny', '18 Melvin Point', '056-931-5631', 'trosellak@mapquest.com'),
(594707328, 'Ranice', '2 Sundown Avenue', '056-481-8815', 'rpauer5y@china.com.cn'),
(595136747, 'Gert', '05450 Brickson Park Avenue', '051-499-8353', 'gmcgiffin4b@mapquest.com'),
(595363522, 'Myrilla', '6 Thackeray Trail', '051-104-3983', 'mstanhope9v@cdbaby.com'),
(596255499, 'Gus', '33 Crowley Point', '056-243-9021', 'gmassardbe@goodreads.com'),
(597971421, 'Appolonia', '004 Starling Alley', '052-448-9743', 'aaddams6t@discuz.net'),
(600255410, 'Charlie', '76 Pepper Wood Terrace', '051-040-2100', 'cakitt6u@amazon.co.uk'),
(602090564, 'Gabie', '336 East Parkway', '059-457-8975', 'gjone9d@is.gd'),
(603009370, 'Glenn', '76 Hansons Road', '057-586-9471', 'gtabourinbn@netlog.com'),
(604052510, 'Cornelle', '2 Aberg Circle', '059-063-9494', 'csibborn3n@google.ca'),
(604647319, 'Vonny', '1 Donald Junction', '051-748-7609', 'vluckings2x@huffingtonpost.com'),
(605801202, 'Patty', '980 Northridge Street', '050-192-1306', 'pjanskybj@indiatimes.com'),
(610044706, 'Blaine', '11 Mitchell Park', '051-877-2327', 'bsutton4o@dagondesign.com'),
(610808463, 'Patrice', '3 Twin Pines Pass', '057-899-5832', 'pbossingham3l@wiley.com'),
(613305521, 'Gerrard', '06 Service Pass', '055-199-4574', 'gmonnelly6e@tripadvisor.com'),
(614608899, 'Donetta', '7 Roxbury Center', '055-033-1714', 'dpitt3j@oaic.gov.au'),
(617655991, 'Lucille', '57 Grayhawk Pass', '052-576-5409', 'losheeryne2j@ox.ac.uk'),
(620641794, 'Marcos', '23 Havey Plaza', '058-782-2349', 'mhartnell4y@smh.com.au'),
(628529978, 'Darell', '3 Caliangt Point', '056-523-3842', 'dedmonds68@delicious.com'),
(628899289, 'Helene', '57 Northview Way', '050-084-0918', 'hkitchaside7f@creativecommons.org'),
(636525941, 'Benji', '10 Sheridan Avenue', '059-949-3359', 'baitken6d@sitemeter.com'),
(639348792, 'Luke', '81339 Bartelt Drive', '053-933-6929', 'lmassei7t@ning.com'),
(642101046, 'Sibbie', '460 Milwaukee Trail', '054-837-3064', 'sjindrich7c@about.com'),
(646237294, 'Bonnibelle', '79 Riverside Circle', '059-827-6103', 'blillymanu@smh.com.au'),
(647086955, 'D\'arcy', '073 Jay Junction', '056-122-6293', 'dfillanbd@deviantart.com'),
(648036006, 'Isidor', '8 School Center', '051-671-2845', 'iteligin69@storify.com'),
(649654155, 'Abbe', '982 Fordem Lane', '053-211-0520', 'adymick3b@huffingtonpost.com'),
(650400234, 'Mahalia', '3 Dryden Park', '057-103-2135', 'mdalmanav@unc.edu'),
(650852241, 'Alonzo', '509 Rockefeller Parkway', '055-020-4218', 'aclack5r@simplemachines.org'),
(656166901, 'Karyl', '7 Mendota Street', '054-467-7793', 'kmortery@berkeley.edu'),
(658519522, 'Morna', '03659 Eastlawn Plaza', '058-670-2940', 'mbudleigh2g@uol.com.br'),
(665949682, 'Neall', '06416 Farmco Place', '055-583-4326', 'nrubin5t@live.com'),
(667768411, 'Farlay', '22 Hayes Plaza', '055-929-3100', 'fboshardbm@flavors.me'),
(669143573, 'Bernardine', '2 Sachs Road', '051-258-0680', 'bfiddler4e@purevolume.com'),
(671355305, 'Catina', '96635 Truax Hill', '054-324-6283', 'csaunderci@macromedia.com'),
(671823133, 'Skipper', '683 Sheridan Hill', '050-082-5307', 'smoralee1b@livejournal.com'),
(672030896, 'Elnore', '12 Merrick Center', '054-237-2809', 'ebohljeb9@parallels.com'),
(674260930, 'Krisha', '44 Arkansas Trail', '058-117-2502', 'ksesser60@odnoklassniki.ru'),
(676216120, 'Nikolai', '405 Dakota Pass', '054-262-9203', 'ninnerstone8b@jiathis.com'),
(676228177, 'Annetta', '9 Main Crossing', '054-993-2164', 'apunt28@storify.com'),
(679228302, 'Tadeas', '9 Quincy Park', '052-538-7685', 'togglebie6i@woothemes.com'),
(680653432, 'Currey', '0 Lyons Parkway', '056-542-0656', 'csinfieldam@mashable.com'),
(681576981, 'Annis', '24912 Crownhardt Crossing', '054-582-0564', 'airving88@privacy.gov.au'),
(681868371, 'Eimile', '04 Ridgeway Drive', '050-589-2323', 'edransfield9y@infoseek.co.jp'),
(681880502, 'Pegeen', '0 Fair Oaks Crossing', '053-133-6436', 'pirving1o@utexas.edu'),
(683337321, 'Annette', '3 Judy Pass', '052-605-5111', 'adurker8r@flickr.com'),
(686296241, 'Inglebert', '3207 Petterle Circle', '059-825-4763', 'icarleman5z@blogs.com'),
(688212499, 'Natasha', '8994 Mallory Terrace', '057-939-9227', 'ngalpen9m@nifty.com'),
(689626416, 'Aurthur', '8513 Little Fleur Place', '057-912-6096', 'aherculesonb8@shareasale.com'),
(691040651, 'Carlin', '54 Forest Run Hill', '050-859-1172', 'cmaccleay20@berkeley.edu'),
(691771779, 'Jessamine', '98 Dwight Street', '051-055-6961', 'jhowchin7i@nhs.uk'),
(693180462, 'Killy', '81560 Cottonwood Terrace', '055-889-6212', 'kdehailes70@google.ru'),
(693548980, 'Kerry', '820 Graceland Center', '055-994-3054', 'kgirth4u@shutterfly.com'),
(694321344, 'Britt', '5 Sachtjen Place', '055-021-0636', 'bakkerao@dyndns.org'),
(695990051, 'Patrizius', '0253 Debs Crossing', '055-137-3918', 'prowatt39@creativecommons.org'),
(704048576, 'Ellyn', '4548 Carey Circle', '050-880-7440', 'epugh26@blog.com'),
(704098404, 'Annelise', '41480 Bartelt Trail', '057-937-2364', 'aklaves6q@berkeley.edu'),
(705835381, 'Kayla', '984 Scofield Alley', '055-144-0756', 'kkendall71@cnn.com'),
(706593331, 'Christa', '32710 Nobel Road', '059-817-4887', 'ccatonnet1k@cornell.edu'),
(706917072, 'Moise', '1518 Forster Road', '055-591-9254', 'mwonter6y@bandcamp.com'),
(707750473, 'Jehu', '88085 Melrose Plaza', '058-155-3609', 'jthebeaq@utexas.edu'),
(707868217, 'Blancha', '4 Bunting Terrace', '058-653-4689', 'bteagueax@360.cn'),
(708020464, 'Barby', '1252 Old Shore Lane', '054-089-7266', 'bsurtees65@berkeley.edu'),
(713754302, 'Berky', '39717 Village Green Hill', '055-526-3497', 'bprene3r@opensource.org'),
(714492458, 'Hort', '9 Marquette Hill', '055-092-0477', 'hlearmonthq@kickstarter.com'),
(722655322, 'Noemi', '42 Mendota Crossing', '052-327-4238', 'nlanyonbp@desdev.cn'),
(723452581, 'Umeko', '601 Steensland Road', '053-893-2194', 'urobberecht7u@naver.com'),
(725661416, 'Nicholle', '5 Thackeray Avenue', '058-343-5339', 'nthorley91@google.nl'),
(726535342, 'Rupert', '58 Quincy Lane', '055-225-8054', 'rmatejn@last.fm'),
(730768040, 'Adolphe', '3 Messerschmidt Terrace', '058-461-6067', 'agonnarday@mapquest.com'),
(731387458, 'Bobbie', '5 Manley Trail', '058-586-1735', 'baluard89@i2i.jp'),
(731750998, 'Leora', '9120 Red Cloud Pass', '055-955-3762', 'lsmedmoor49@barnesandnoble.com'),
(731869011, 'Park', '38 Gateway Point', '051-445-8082', 'pdelafeldc3@timesonline.co.uk'),
(734660985, 'Doloritas', '7 Vahlen Plaza', '054-352-6180', 'dmasden3c@baidu.com'),
(735457604, 'Ronnie', '8 Elka Circle', '056-459-0494', 'rwestropeat@netlog.com'),
(737089058, 'Loralie', '05 Heath Avenue', '057-532-6456', 'lcovely83@ifeng.com'),
(739444142, 'Claire', '63 Bowman Parkway', '056-928-2310', 'caventcg@pen.io'),
(740850940, 'Dacie', '134 Merchant Avenue', '055-372-3680', 'dcorcoran2e@nifty.com'),
(741886644, 'Darla', '2614 Summit Park', '052-880-6344', 'dilyinski5j@unesco.org'),
(745735103, 'Ignatius', '28248 Vahlen Parkway', '052-437-8846', 'ikoppen77@tripod.com'),
(748234086, 'Shelli', '5760 Northview Lane', '059-806-4976', 'smchugh9s@cocolog-nifty.com'),
(749622507, 'Auberta', '60335 Grasskamp Drive', '055-320-0767', 'aelt3@admin.ch'),
(753613296, 'Lilyan', '802 Di Loreto Drive', '055-904-7625', 'lbagster8t@gizmodo.com'),
(757789686, 'Everard', '0265 Village Trail', '051-242-2153', 'eburbank4t@earthlink.net'),
(760177229, 'Angele', '24 Northland Street', '055-241-5672', 'aloynes1x@ca.gov'),
(760851700, 'Ailey', '2567 Ohio Trail', '058-491-3347', 'agallahuebu@youku.com'),
(764770830, 'Letty', '6642 Sachtjen Way', '058-996-1822', 'lswindells1d@bandcamp.com'),
(764772998, 'Gertruda', '0729 Farmco Hill', '054-509-7731', 'gcreamen4v@businessweek.com'),
(764832016, 'Paxton', '0 Gulseth Court', '051-820-6561', 'psilverman9g@live.com'),
(765420463, 'Wolfy', '85 Grim Pass', '058-450-8670', 'wshirlaw8s@noaa.gov'),
(775016713, 'Tim', '78 Artisan Alley', '059-483-7429', 'tdonkersley33@comcast.net'),
(776109587, 'Trenton', '95715 Kensington Point', '056-227-5591', 'tcrickett67@bandcamp.com'),
(782135345, 'Obadiah', '9 Mockingbird Street', '052-378-8136', 'odransfield59@businessinsider.com'),
(786422435, 'Celene', '18320 Sycamore Crossing', '055-018-2670', 'cwarltonk@squarespace.com'),
(786835857, 'Faustina', '1682 Summit Trail', '053-810-9662', 'frhymes6a@google.co.uk'),
(802194163, 'Rees', '6490 Barby Trail', '058-642-0977', 'rcrystalbf@youtube.com'),
(806169260, 'Maurits', '72429 Clarendon Crossing', '059-088-0279', 'mkedgeba@ustream.tv'),
(807919399, 'Salem', '4382 Golf Course Road', '057-877-1222', 'swoollends1@mail.ru'),
(809791424, 'Bethany', '7 Ronald Regan Point', '059-088-5406', 'bhegg8a@ca.gov'),
(810583126, 'Lowrance', '4520 Waywood Trail', '055-281-4540', 'loffa35@wix.com'),
(811830530, 'Marylee', '8 Hollow Ridge Pass', '058-878-6872', 'myelyashevab@microsoft.com'),
(814692733, 'Donnajean', '56 Dawn Alley', '058-760-5145', 'dlefleming9n@jugem.jp'),
(817175908, 'Janna', '686 Heffernan Crossing', '050-798-1062', 'jbranche4q@geocities.jp'),
(818311658, 'Paule', '96097 Toban Way', '050-141-8085', 'phorche1h@dailymail.co.uk'),
(818850540, 'Moses', '1679 Shoshone Road', '057-926-3780', 'mmournian2b@rediff.com'),
(822037275, 'Marty', '56 Porter Street', '050-845-6689', 'mfletham2n@aol.com'),
(825511456, 'Haslett', '834 Red Cloud Circle', '059-443-9990', 'hcroxley2a@harvard.edu'),
(827509541, 'Sheffy', '6 Meadow Vale Crossing', '055-774-3529', 'slampl57@examiner.com'),
(828263610, 'Gifford', '223 Prairie Rose Way', '054-441-5233', 'graye16@histats.com'),
(830766990, 'Hobie', '328 Haas Place', '051-884-5799', 'hbensleycc@pen.io'),
(832305828, 'Allissa', '23 Sullivan Court', '059-077-6041', 'afarquhar51@themeforest.net'),
(832995649, 'Rip', '3 Mariners Cove Plaza', '055-473-9500', 'reard3i@newsvine.com'),
(833564779, 'Langsdon', '605 Granby Court', '055-549-1644', 'ljones6l@fema.gov'),
(833709527, 'Orbadiah', '0873 Sloan Trail', '058-780-3910', 'obroske97@time.com'),
(837337141, 'Sibella', '227 Sunfield Terrace', '058-091-4347', 'smanifield3q@washington.edu'),
(837340779, 'Sig', '77 Warrior Place', '050-988-8197', 'sblock4h@army.mil'),
(837842947, 'Deane', '07129 Bluestem Trail', '053-256-6911', 'dblakeneyan@flavors.me'),
(839603537, 'Normand', '16144 Duke Drive', '053-214-1517', 'nfairholmt@so-net.ne.jp'),
(841106703, 'Idalia', '68 Debs Junction', '059-421-7063', 'idumbletonbg@sciencedirect.com'),
(851039501, 'Gayelord', '76 Glacier Hill Avenue', '056-418-8167', 'gellaman1c@e-recht24.de'),
(851320956, 'Margareta', '2 La Follette Drive', '055-435-9315', 'mdowdalll@unc.edu'),
(854765500, 'Clarissa', '0 Golf Course Center', '056-166-2538', 'cnaulty9o@gov.uk'),
(858083666, 'Jsandye', '137 Cottonwood Parkway', '053-809-0526', 'jcoulthard0@youtube.com'),
(858668199, 'Moira', '600 Pleasure Street', '051-157-3357', 'mgagg9x@nbcnews.com'),
(860524413, 'Brennen', '5573 Farmco Parkway', '059-787-4989', 'bwhether6s@imdb.com'),
(861169477, 'Kai', '073 Talisman Avenue', '053-310-4460', 'kbeechcraft56@theatlantic.com'),
(867181754, 'Blancha', '29421 Anniversary Plaza', '059-637-2012', 'bbraysher5w@skype.com'),
(878355660, 'Wolf', '06508 Harbort Point', '053-489-8417', 'wbeverley2l@artisteer.com'),
(882831921, 'Curran', '8 Jenna Center', '054-784-6166', 'cbartel3k@newsvine.com'),
(884443136, 'Tomasina', '705 Melvin Crossing', '052-176-0453', 'topdenorth9e@sciencedirect.com'),
(885032385, 'Willamina', '63408 Chinook Crossing', '058-366-9908', 'wtouhig1z@icio.us'),
(886225724, 'Nevsa', '6860 Hazelcrest Park', '054-816-5090', 'nseller8p@dedecms.com'),
(890638026, 'Lynde', '3343 Oxford Junction', '054-653-3282', 'lsyalvester4@princeton.edu'),
(892588975, 'Sterling', '0 Comanche Park', '050-913-2788', 'sdevereu7d@cisco.com'),
(894567848, 'Lissy', '06333 Gulseth Park', '059-224-8776', 'llingwoodcb@sphinn.com'),
(895382093, 'Lurlene', '7544 Graceland Street', '050-383-5175', 'ltessington8o@forbes.com'),
(904191475, 'Norine', '16 Hoffman Court', '057-504-8847', 'nharmes7w@omniture.com'),
(904957185, 'Delcina', '44432 Mosinee Court', '052-811-6609', 'dcaveill46@1und1.de'),
(906980796, 'Sabine', '592 Lien Lane', '059-300-4705', 'srobbel4l@ocn.ne.jp'),
(907299077, 'Caroljean', '09 Jenna Plaza', '056-432-5004', 'callom9z@nhs.uk'),
(909130322, 'Dredi', '39 Basil Junction', '053-536-5123', 'dmullinger5c@prweb.com'),
(913959612, 'Isacco', '3923 Hintze Alley', '051-041-0972', 'icasta2@webnode.com'),
(914495564, 'Catlaina', '4 Holy Cross Street', '051-887-6564', 'cpaladini52@adobe.com'),
(918205526, 'Aleen', '8 Ridgeview Lane', '057-360-4516', 'amacshirriec1@a8.net'),
(920178866, 'Wood', '22779 Dakota Street', '057-866-4261', 'wluxonai@stumbleupon.com'),
(923510656, 'Mariele', '2 Hanson Center', '055-423-3811', 'mcard84@intel.com'),
(927319054, 'Nahum', '326 Alpine Plaza', '053-720-8848', 'nbaack3h@weebly.com'),
(933248973, 'Flory', '4 Superior Circle', '058-457-2946', 'fsimenon4n@npr.org'),
(934519683, 'Dory', '286 Alpine Trail', '050-862-3316', 'dflisher53@microsoft.com'),
(937080865, 'Vincenz', '66117 Hooker Parkway', '059-910-8207', 'vsturdgesscj@moonfruit.com'),
(939599520, 'Daveta', '2620 Clarendon Point', '058-283-6627', 'ddevereux3w@yahoo.co.jp'),
(941583976, 'Walt', '66027 Susan Pass', '056-390-7450', 'wcrepel8l@ca.gov'),
(942764955, 'Etta', '59616 Manufacturers Park', '057-486-1202', 'eparis5@xrea.com'),
(944684454, 'Berrie', '4 Golf Course Place', '057-405-6672', 'bduckerin5g@harvard.edu'),
(946814161, 'Ari', '663 Leroy Pass', '053-526-7663', 'abraysherae@nifty.com'),
(948240733, 'Jackie', '03173 Almo Point', '058-853-2371', 'jlindup8w@prlog.org'),
(965044081, 'Kizzie', '91671 Clove Plaza', '053-524-0497', 'kamorad@ca.gov'),
(970046069, 'Nina', '58762 Mccormick Drive', '055-502-3538', 'nbarca2i@livejournal.com'),
(980946151, 'Valle', '57 Scott Point', '053-684-0331', 'vdyka8f@dyndns.org'),
(982168910, 'Dur', '80 Morningstar Plaza', '056-714-6368', 'dkiley9q@shutterfly.com'),
(983364786, 'Yuma', '57414 Ryan Alley', '053-994-7330', 'ymcteague8m@cafepress.com'),
(983592051, 'Oates', '89297 Vera Point', '054-459-4990', 'ofesslerc7@wiley.com'),
(984461881, 'Glynnis', '4 Elka Circle', '053-377-7435', 'gearland82@gizmodo.com'),
(984801823, 'Slade', '57 Magdeline Lane', '059-604-9581', 'sblue7m@paginegialle.it'),
(987058584, 'Stormy', '2482 Holmberg Center', '053-593-9024', 'smeeking1w@oaic.gov.au'),
(987731114, 'Koressa', '402 Monument Pass', '059-736-9122', 'kausten3s@netlog.com'),
(993921612, 'Jonah', '5392 Mcguire Road', '054-308-4147', 'jthewlis37@cargocollective.com'),
(995213038, 'Franky', '742 Hayes Hill', '051-035-0451', 'fdrivers62@nyu.edu'),
(996681289, 'Rosalind', '9 International Street', '052-168-0700', 'rdailly21@cocolog-nifty.com');

-- --------------------------------------------------------

--
-- Table structure for table `deposit`
--

CREATE TABLE `deposit` (
  `Deposit_ID` int(50) NOT NULL CHECK (`Deposit_ID` >= 0),
  `Deposit_Date` date DEFAULT NULL,
  `Amount` decimal(10,2) DEFAULT NULL,
  `Account_Number` int(50) NOT NULL,
  `Interest_Rate_ID` int(50) DEFAULT NULL,
  `Bank_ID` int(50) NOT NULL,
  `Worker_ID` int(50) DEFAULT NULL
) ENGINE=InnoDB DEFAULT CHARSET=utf8mb4 COLLATE=utf8mb4_general_ci;

--
-- Dumping data for table `deposit`
--

INSERT INTO `deposit` (`Deposit_ID`, `Deposit_Date`, `Amount`, `Account_Number`, `Interest_Rate_ID`, `Bank_ID`, `Worker_ID`) VALUES
(1, '1915-09-22', 35630.00, 138, 229, 8367, 2973),
(2, '1930-02-04', 25888.00, 183, 153, 2008, 2069),
(3, '1947-01-14', 15449.00, 216, 168, 8315, 322),
(5, '1926-01-11', 80373.00, 204, 93, 9282, 9682),
(6, '1917-04-26', 9584.00, 304, 308, 6164, 207),
(7, '1935-12-09', 82554.00, 460, 162, 9583, 8557),
(8, '1994-04-28', 88770.00, 206, 338, 2475, 847),
(9, '2002-01-01', 24937.00, 316, 382, 5464, 8198),
(10, '2014-05-24', 98427.00, 211, 309, 4466, 2927),
(11, '2016-07-29', 90206.00, 435, 308, 2254, 83),
(12, '1999-02-28', 41035.00, 154, 142, 9394, 4035),
(13, '2014-10-16', 67786.00, 136, 444, 1115, 4080),
(14, '2022-11-27', 33249.00, 434, 152, 8949, 2794),
(15, '2007-02-08', 25364.00, 356, 34, 7157, 730),
(16, '1957-01-12', 67046.00, 19, 183, 8060, 5198),
(17, '2003-03-13', 56078.00, 157, 171, 8956, 3341),
(18, '1951-05-01', 37126.00, 495, 227, 2173, 1945),
(19, '1988-02-23', 40186.00, 31, 26, 1513, 3812),
(21, '1949-10-12', 54572.00, 200, 462, 1513, 9876),
(22, '1909-03-19', 25848.00, 325, 76, 2300, 795),
(23, '1946-01-14', 10841.00, 432, 374, 6663, 2529),
(24, '2006-05-03', 44891.00, 122, 12, 1789, 7772),
(25, '1906-04-28', 95121.00, 411, 329, 3050, 1563),
(26, '1984-08-18', 76942.00, 15, 149, 4055, 6280),
(27, '2001-12-30', 63909.00, 428, 455, 4065, 663),
(28, '1958-03-16', 87595.00, 71, 27, 7528, 7763),
(29, '2021-01-20', 40910.00, 153, 176, 6328, 6365),
(30, '1907-09-29', 89130.00, 494, 297, 2897, 2319),
(31, '2010-12-11', 81501.00, 402, 183, 4801, 4771),
(32, '2011-09-26', 23420.00, 331, 91, 7956, 2973),
(33, '1927-09-27', 73131.00, 260, 327, 3634, 3431),
(34, '1946-02-20', 35393.00, 198, 474, 1789, 8889),
(35, '1949-08-13', 21381.00, 22, 36, 4298, 8646),
(36, '1934-07-10', 43790.00, 247, 89, 4619, 9985),
(37, '1939-11-13', 9441.00, 386, 24, 743, 2504),
(38, '2022-02-25', 37066.00, 27, 176, 2382, 1639),
(39, '1987-03-18', 91560.00, 497, 446, 1963, 9800),
(40, '2013-05-10', 10048.00, 316, 199, 5464, 1047),
(41, '1905-01-24', 93362.00, 46, 440, 1093, 9616),
(42, '1950-04-05', 63842.00, 371, 427, 4220, 2474),
(43, '1958-10-16', 182.00, 495, 214, 2173, 2804),
(44, '1938-08-24', 83945.00, 405, 242, 1321, 2128),
(45, '1963-12-05', 51642.00, 481, 184, 7810, 8646),
(46, '2018-05-17', 95162.00, 267, 178, 7301, 8554),
(47, '1915-04-17', 61023.00, 195, 21, 925, 9755),
(48, '1903-05-10', 36376.00, 303, 407, 4087, 2485),
(49, '1979-11-06', 2699.00, 143, 374, 2712, 2529),
(50, '1942-04-13', 62111.00, 255, 315, 5309, 3804),
(51, '1961-12-10', 72479.00, 139, 16, 9384, 2451),
(52, '1928-10-29', 34041.00, 472, 276, 9004, 4997),
(53, '2017-05-30', 13353.00, 395, 65, 9189, 9876),
(54, '1930-02-07', 25792.00, 314, 61, 9867, 3410),
(56, '1972-04-09', 4553.00, 209, 480, 8158, 8906),
(57, '1964-08-28', 43400.00, 474, 199, 5904, 881),
(58, '1944-07-16', 38079.00, 314, 412, 9867, 8854),
(59, '1936-11-24', 15224.00, 465, 474, 171, 663),
(60, '2021-08-07', 84556.00, 297, 246, 1317, 847),
(61, '1950-05-09', 87966.00, 348, 249, 9559, 2639),
(62, '1964-10-27', 73713.00, 230, 369, 4261, 1341),
(63, '2019-01-18', 13851.00, 171, 27, 6364, 9788),
(64, '2021-01-25', 62505.00, 152, 53, 2475, 7360),
(65, '1938-05-28', 26104.00, 323, 381, 741, 4894),
(66, '1943-12-14', 18896.00, 466, 121, 4209, 5806),
(67, '1937-05-16', 90814.00, 47, 26, 3335, 4654),
(68, '1900-12-13', 38065.00, 356, 40, 7157, 4771),
(69, '1973-05-21', 10786.00, 126, 241, 4618, 3437),
(70, '2000-03-12', 50884.00, 8, 467, 5113, 7529),
(72, '1914-08-12', 33401.00, 389, 316, 8876, 5686),
(73, '1999-08-19', 90184.00, 205, 400, 9409, 5198),
(75, '1921-10-04', 10458.00, 134, 112, 3000, 3927),
(76, '1941-04-23', 8191.00, 351, 279, 8250, 1095),
(77, '2011-05-15', 33100.00, 120, 86, 4120, 2805),
(78, '1980-06-18', 4749.00, 445, 450, 7097, 4615),
(81, '1919-12-22', 42394.00, 198, 8, 1789, 1066),
(82, '1971-05-28', 6733.00, 447, 35, 6524, 7530),
(84, '1981-07-23', 32756.00, 446, 454, 5494, 9788),
(85, '1947-09-10', 79435.00, 67, 456, 9913, 2349),
(86, '1960-12-02', 39105.00, 198, 407, 1789, 7134),
(87, '1992-08-14', 40806.00, 472, 358, 9004, 3155),
(88, '2008-07-18', 67761.00, 281, 322, 5031, 5530),
(89, '1962-05-13', 89886.00, 228, 347, 1093, 5972),
(90, '1936-01-15', 95761.00, 252, 217, 2149, 8906),
(91, '1920-11-28', 33297.00, 267, 244, 7301, 397),
(92, '1904-10-23', 89039.00, 16, 389, 7496, 9065),
(93, '1920-08-13', 16556.00, 61, 4, 934, 3610),
(94, '1912-01-30', 81707.00, 454, 131, 9393, 2546),
(95, '2010-12-25', 16122.00, 494, 211, 2897, 6307),
(96, '2000-12-19', 61504.00, 349, 37, 6269, 4654),
(98, '1991-03-20', 93648.00, 184, 67, 4712, 2840),
(99, '1967-06-09', 51806.00, 342, 81, 4486, 848),
(100, '1904-08-13', 24032.00, 423, 209, 265, 2107),
(101, '1963-04-05', 87704.00, 53, 364, 6687, 1641),
(102, '2001-09-14', 17747.00, 224, 494, 8405, 20),
(103, '1931-03-16', 12009.00, 177, 310, 9728, 4233),
(104, '1947-01-29', 23740.00, 235, 150, 9542, 8198),
(106, '1964-11-10', 13522.00, 125, 394, 2816, 7039),
(107, '1908-08-05', 57054.00, 137, 202, 8956, 8191),
(108, '1929-06-01', 37593.00, 435, 129, 2254, 2128),
(109, '1975-01-30', 90579.00, 156, 313, 1513, 31),
(110, '1982-05-19', 33360.00, 431, 340, 3083, 4894),
(111, '1927-08-15', 94159.00, 38, 302, 6650, 7015),
(112, '2000-02-28', 22319.00, 456, 360, 2804, 8639),
(113, '1906-09-10', 17640.00, 309, 71, 6007, 771),
(114, '1919-03-01', 60899.00, 423, 203, 265, 5198),
(115, '1929-12-19', 58824.00, 129, 55, 9394, 5170),
(116, '1969-01-28', 81355.00, 41, 498, 9189, 9066),
(117, '1988-03-02', 2604.00, 219, 250, 4466, 4404),
(118, '2004-05-09', 38264.00, 69, 350, 6134, 1426),
(119, '2007-08-02', 29560.00, 16, 293, 7496, 8218),
(120, '1997-05-05', 88420.00, 288, 230, 4448, 709),
(121, '1974-04-02', 9195.00, 65, 481, 2804, 3812),
(122, '2020-05-27', 92145.00, 179, 273, 5806, 6528),
(123, '1931-03-25', 29994.00, 337, 480, 2966, 5530),
(124, '1999-07-08', 61323.00, 45, 182, 5464, 1426),
(125, '2024-11-24', 81979.00, 249, 239, 754, 9215),
(126, '1902-10-03', 61723.00, 354, 7, 6733, 3431),
(127, '1941-12-23', 94348.00, 297, 433, 1317, 435),
(128, '2011-09-27', 36753.00, 52, 32, 2300, 579),
(129, '1966-01-09', 64712.00, 94, 437, 1070, 7134),
(130, '2024-03-05', 77697.00, 134, 287, 3000, 4771),
(131, '1939-08-18', 72398.00, 204, 368, 9282, 6932),
(132, '1935-06-19', 57021.00, 437, 442, 6500, 7084),
(133, '1971-03-21', 98025.00, 383, 37, 9383, 3311),
(134, '1959-11-02', 40924.00, 379, 335, 2712, 5980),
(135, '1981-02-16', 28240.00, 16, 195, 7496, 1641),
(136, '1997-04-25', 43136.00, 349, 131, 6269, 344),
(138, '1910-01-22', 1659.00, 266, 294, 3050, 397),
(139, '1955-04-09', 43528.00, 141, 398, 6357, 3848),
(140, '1976-08-17', 95089.00, 161, 161, 6348, 1253),
(141, '1932-11-18', 69362.00, 243, 89, 4079, 2408),
(142, '2017-12-13', 45953.00, 451, 309, 2306, 6685),
(143, '1918-12-18', 70332.00, 442, 177, 3124, 3410),
(144, '1931-12-08', 29831.00, 438, 270, 877, 8376),
(145, '2013-05-16', 50780.00, 186, 369, 4801, 9321),
(146, '1900-06-15', 54424.00, 309, 413, 6007, 2349),
(147, '1920-05-22', 91359.00, 406, 250, 3335, 2381),
(148, '2004-02-05', 40220.00, 50, 321, 5433, 3341),
(149, '1920-04-19', 13407.00, 128, 171, 9501, 7979),
(150, '2003-03-23', 10476.00, 383, 363, 9383, 9968),
(152, '2011-10-25', 34052.00, 61, 272, 934, 7530),
(153, '1992-10-03', 57986.00, 135, 351, 2608, 5813),
(154, '1957-10-19', 99953.00, 46, 306, 1093, 1193),
(155, '1995-12-25', 69539.00, 130, 241, 7810, 1968),
(156, '1964-06-15', 91332.00, 286, 327, 859, 5753),
(157, '1932-04-09', 35739.00, 119, 415, 6909, 5731),
(158, '1914-03-03', 62282.00, 152, 120, 2475, 9709),
(159, '1911-03-09', 19724.00, 161, 160, 6348, 8881),
(160, '1978-10-02', 60026.00, 165, 276, 7142, 20),
(161, '1927-07-21', 74550.00, 271, 420, 4618, 4531),
(162, '1963-04-20', 24374.00, 339, 90, 3193, 313),
(163, '2008-12-15', 30232.00, 384, 31, 4298, 83),
(164, '1979-08-14', 95853.00, 398, 347, 2388, 6342),
(165, '1942-03-15', 12806.00, 316, 131, 5464, 7085),
(166, '1903-10-15', 72835.00, 454, 50, 9393, 2470),
(167, '2015-12-08', 33487.00, 188, 130, 6242, 2138),
(168, '1945-12-07', 39977.00, 84, 257, 4722, 3089),
(170, '1944-06-29', 97513.00, 1, 458, 3124, 9876),
(172, '1922-09-30', 20028.00, 421, 487, 757, 5642),
(173, '1917-11-21', 46538.00, 15, 433, 4055, 8223),
(174, '1945-09-30', 69951.00, 320, 410, 4559, 2129),
(175, '2014-09-13', 15681.00, 179, 452, 5806, 1260),
(176, '1987-06-08', 54472.00, 364, 221, 794, 8218),
(177, '1987-01-11', 62091.00, 458, 6, 9318, 4951),
(178, '2021-11-20', 4014.00, 221, 425, 719, 7986),
(180, '2014-09-07', 38121.00, 470, 246, 3703, 8691),
(181, '1957-04-29', 94338.00, 301, 317, 5895, 9921),
(183, '1968-08-14', 70137.00, 310, 310, 9377, 7337),
(184, '1933-04-15', 87458.00, 52, 59, 2300, 6685),
(185, '1924-05-10', 99268.00, 76, 274, 1530, 142),
(186, '1982-04-12', 25694.00, 398, 233, 2388, 4362),
(187, '1938-04-16', 56891.00, 355, 271, 2011, 4310),
(188, '1982-07-28', 28412.00, 104, 311, 3788, 1221),
(189, '1982-09-02', 2995.00, 124, 447, 55, 2973),
(190, '1963-07-14', 13167.00, 495, 356, 2173, 6194),
(191, '1942-08-28', 20112.00, 140, 489, 1721, 7128),
(192, '1937-02-24', 16436.00, 389, 204, 8876, 5867),
(193, '2005-05-22', 84400.00, 224, 315, 8405, 8646),
(194, '1988-11-09', 81754.00, 344, 69, 8949, 6052),
(195, '1910-07-12', 7192.00, 419, 74, 3427, 9215),
(196, '1912-11-21', 88880.00, 480, 379, 1954, 4096),
(197, '1997-07-25', 23.00, 68, 65, 2000, 2863),
(198, '1927-03-23', 52653.00, 383, 27, 9383, 5281),
(199, '1929-12-07', 87005.00, 304, 113, 6164, 7187),
(200, '1937-02-06', 63134.00, 459, 325, 1188, 975),
(201, '1988-03-21', 44284.00, 316, 475, 5464, 2234),
(202, '1990-01-07', 58503.00, 462, 378, 8955, 2819),
(204, '2018-03-20', 10457.00, 435, 326, 2254, 1047),
(206, '1968-02-03', 89082.00, 399, 406, 270, 4757),
(207, '2003-05-24', 28530.00, 73, 279, 1772, 3450),
(208, '1916-11-12', 55060.00, 5, 455, 1990, 1395),
(210, '1925-05-02', 85235.00, 109, 186, 7758, 8685),
(211, '1943-08-16', 36642.00, 147, 25, 859, 579),
(212, '2019-10-09', 70753.00, 228, 163, 1093, 9084),
(213, '1925-05-02', 76026.00, 75, 42, 3662, 9066),
(214, '1927-12-14', 72127.00, 254, 464, 794, 5352),
(215, '1993-09-21', 96158.00, 27, 20, 2382, 9980),
(216, '1993-06-27', 73365.00, 206, 35, 2475, 322),
(218, '1971-10-09', 37887.00, 2, 464, 2897, 2932),
(219, '1915-07-25', 51122.00, 401, 478, 3879, 3398),
(220, '1916-02-29', 36128.00, 341, 333, 2616, 8710),
(222, '1969-04-20', 31768.00, 474, 48, 5904, 9215),
(223, '1921-08-06', 96545.00, 205, 140, 9409, 442),
(225, '2023-03-04', 62497.00, 112, 8, 8808, 7187),
(226, '1974-07-04', 77134.00, 125, 184, 2816, 1748),
(228, '1914-11-15', 85020.00, 325, 51, 2300, 1968),
(229, '2001-12-24', 33263.00, 23, 259, 8806, 7769),
(230, '1936-05-09', 68906.00, 343, 452, 6300, 3043),
(231, '1937-04-12', 66750.00, 210, 94, 9867, 5754),
(232, '1926-01-18', 1113.00, 90, 280, 1299, 8023),
(233, '1942-08-10', 56519.00, 219, 235, 4466, 83),
(237, '1999-02-11', 28107.00, 45, 135, 5464, 4816),
(238, '2009-03-28', 62232.00, 169, 30, 7086, 9562),
(239, '1927-04-25', 97995.00, 379, 221, 2712, 4786),
(240, '1900-10-03', 62501.00, 75, 187, 3662, 6554),
(241, '1908-01-13', 73374.00, 378, 74, 2829, 9640),
(242, '1990-06-30', 29482.00, 232, 468, 6314, 5569),
(243, '1956-07-30', 22042.00, 69, 243, 6134, 4204),
(244, '1942-07-09', 24264.00, 31, 295, 1513, 9734),
(245, '1976-09-05', 58432.00, 326, 473, 568, 2511),
(246, '2014-01-23', 60515.00, 151, 322, 2311, 8467),
(247, '1960-02-02', 67719.00, 270, 239, 6650, 4393),
(248, '1952-09-16', 10101.00, 449, 391, 7601, 1193),
(249, '1946-02-23', 64012.00, 343, 451, 6300, 4095),
(250, '1902-10-23', 20279.00, 102, 318, 5904, 1047),
(252, '2006-02-11', 72038.00, 447, 360, 6524, 2706),
(253, '1999-04-11', 86531.00, 432, 169, 6663, 2774),
(254, '1901-06-07', 54427.00, 263, 293, 7285, 9053),
(255, '1947-09-22', 64723.00, 306, 63, 5036, 4331),
(256, '1941-01-26', 58334.00, 473, 393, 1587, 6953),
(257, '1903-12-08', 79546.00, 57, 473, 2382, 7187),
(258, '1950-09-03', 26504.00, 118, 460, 4180, 6574),
(259, '1920-01-15', 9967.00, 10, 246, 8792, 3188),
(260, '1922-06-04', 69790.00, 451, 274, 2306, 6860),
(261, '1920-03-16', 25409.00, 10, 206, 8792, 5951),
(262, '1925-03-29', 47064.00, 184, 403, 4712, 4080),
(263, '1985-09-18', 17134.00, 79, 116, 6357, 9933),
(264, '2004-02-05', 46226.00, 244, 192, 793, 6902),
(265, '1912-11-24', 31731.00, 255, 274, 5309, 6914),
(266, '1928-10-20', 23789.00, 199, 495, 4782, 8554),
(267, '1972-07-14', 72606.00, 482, 476, 9908, 7986),
(268, '1930-11-17', 2146.00, 305, 35, 925, 9084),
(269, '2006-04-28', 80180.00, 140, 331, 1721, 9168),
(270, '2002-05-10', 67290.00, 438, 353, 877, 687),
(271, '1942-11-24', 57991.00, 418, 430, 1646, 6685),
(273, '1985-12-24', 16150.00, 435, 437, 2254, 5686),
(274, '1929-06-26', 45960.00, 246, 135, 9409, 3398),
(275, '1933-01-30', 43267.00, 428, 481, 4065, 9975),
(276, '1947-08-16', 23798.00, 346, 104, 8432, 283),
(277, '1953-03-29', 57042.00, 311, 145, 3037, 4951),
(278, '1936-12-15', 95049.00, 13, 478, 9542, 6855),
(279, '1957-06-07', 88181.00, 456, 464, 2804, 7475),
(282, '1964-09-16', 50076.00, 285, 73, 6647, 9425),
(283, '2016-09-08', 22357.00, 355, 76, 2011, 7194),
(284, '1963-03-02', 92484.00, 237, 310, 62, 923),
(285, '1909-04-22', 68357.00, 92, 368, 8343, 1992),
(286, '1955-09-23', 92791.00, 385, 388, 3293, 7015),
(287, '1959-07-07', 21529.00, 67, 185, 9913, 7932),
(288, '2019-03-29', 51975.00, 183, 274, 2008, 8373),
(289, '1945-03-28', 14293.00, 288, 207, 4448, 4204),
(290, '1973-03-06', 69022.00, 379, 322, 2712, 6176),
(291, '1945-06-04', 22386.00, 317, 334, 8250, 7932),
(292, '1983-09-23', 26341.00, 298, 314, 2480, 6776),
(293, '1953-03-19', 87341.00, 206, 172, 2475, 3530),
(294, '1920-02-02', 62148.00, 472, 67, 9004, 2639),
(295, '1950-09-30', 21780.00, 139, 86, 9384, 1193),
(296, '2011-05-22', 83740.00, 19, 362, 8060, 4154),
(297, '1959-09-12', 20100.00, 25, 490, 4120, 6738),
(298, '1984-11-11', 83298.00, 404, 293, 8847, 3701),
(299, '2020-02-15', 87370.00, 471, 366, 8042, 9840),
(300, '1920-02-27', 23537.00, 15, 439, 4055, 7772),
(301, '1990-10-18', 30889.00, 339, 109, 3193, 3966),
(302, '1960-03-22', 69997.00, 168, 287, 9082, 4233),
(303, '1965-12-20', 66240.00, 321, 445, 9394, 5210),
(304, '1994-03-04', 29449.00, 210, 64, 9867, 3848),
(305, '2011-03-05', 33837.00, 475, 373, 5234, 3155),
(306, '1927-10-04', 68647.00, 424, 32, 7157, 2478),
(307, '1957-12-05', 15664.00, 187, 38, 9867, 169),
(308, '1937-09-20', 7026.00, 500, 308, 6266, 4331),
(309, '1922-03-04', 74050.00, 135, 263, 2608, 5902),
(310, '1967-06-17', 13056.00, 257, 296, 7133, 3609),
(311, '2021-11-01', 95864.00, 462, 237, 8955, 5972),
(312, '1994-03-24', 62301.00, 153, 101, 6328, 6860),
(313, '1990-07-13', 33617.00, 429, 384, 7388, 7360),
(314, '1949-02-28', 1157.00, 493, 139, 1669, 9640),
(315, '1937-09-29', 58489.00, 32, 100, 7086, 4852),
(316, '1974-11-04', 82375.00, 278, 352, 9542, 8646),
(317, '2005-07-24', 24652.00, 466, 402, 4209, 8678),
(318, '2015-06-10', 15155.00, 106, 393, 4984, 6031),
(319, '2020-12-24', 36526.00, 102, 267, 5904, 3398),
(320, '2016-10-01', 85883.00, 125, 346, 2816, 9709),
(321, '2022-01-27', 84088.00, 398, 291, 2388, 5342),
(322, '1900-04-27', 26482.00, 362, 43, 148, 8833),
(323, '1996-04-22', 91396.00, 23, 352, 8806, 4879),
(324, '2020-01-12', 21499.00, 390, 381, 4209, 9681),
(325, '1949-08-24', 11619.00, 165, 23, 7142, 6685),
(326, '1936-05-30', 76318.00, 161, 88, 6348, 4752),
(327, '1997-05-09', 1271.00, 19, 173, 8060, 9907),
(328, '1927-10-26', 6042.00, 151, 43, 2311, 2487),
(329, '1901-11-13', 46958.00, 208, 274, 8933, 9410),
(330, '1913-11-28', 24816.00, 197, 394, 6500, 6688),
(331, '2003-11-27', 80974.00, 234, 70, 4034, 3544),
(332, '1916-05-18', 10248.00, 451, 34, 2306, 4771),
(333, '1957-01-30', 65476.00, 73, 300, 1772, 218),
(334, '1946-03-01', 17791.00, 429, 212, 7388, 5642),
(335, '1975-04-07', 8272.00, 421, 122, 757, 9410),
(337, '1965-11-12', 82361.00, 101, 313, 4134, 6489),
(338, '1935-09-04', 28273.00, 4, 6, 7133, 1426),
(339, '1917-09-14', 94026.00, 392, 72, 8190, 6043),
(340, '1957-05-30', 22683.00, 411, 36, 3050, 4631),
(341, '1968-06-04', 94558.00, 339, 90, 3193, 6624),
(342, '1994-11-05', 92183.00, 201, 440, 1485, 6280),
(343, '2010-04-14', 74304.00, 37, 106, 4352, 9682),
(344, '2015-06-11', 97332.00, 67, 51, 9913, 6194),
(345, '1923-01-20', 57049.00, 382, 494, 5422, 7039),
(346, '1929-07-28', 72305.00, 137, 356, 8956, 9368),
(347, '2014-06-25', 21511.00, 297, 387, 1317, 4080),
(349, '1994-04-30', 85454.00, 60, 250, 62, 9733),
(350, '2018-04-03', 52816.00, 445, 320, 7097, 2819),
(351, '2011-09-22', 68461.00, 459, 397, 1188, 2234),
(352, '2008-07-16', 55557.00, 217, 93, 3124, 9041),
(353, '1934-01-13', 450.00, 234, 72, 4034, 579),
(354, '1947-11-22', 87794.00, 330, 325, 4718, 5530),
(356, '1993-03-10', 16790.00, 123, 341, 9384, 7529),
(357, '1976-05-23', 81183.00, 469, 172, 8521, 663),
(358, '1984-06-24', 1476.00, 393, 31, 4180, 4150),
(359, '1964-09-21', 35909.00, 223, 323, 4277, 847),
(360, '1915-11-24', 51804.00, 440, 297, 6314, 687),
(361, '1987-06-12', 74606.00, 475, 223, 5234, 4631),
(363, '1965-05-15', 54380.00, 38, 492, 6650, 4766),
(364, '1991-03-11', 63075.00, 46, 467, 1093, 1968),
(365, '2008-02-08', 15632.00, 486, 39, 4448, 9709),
(366, '2008-02-28', 58660.00, 479, 226, 65, 7734),
(367, '1963-01-02', 26429.00, 246, 184, 9409, 5),
(368, '2009-02-22', 44859.00, 228, 26, 1093, 4894),
(369, '1963-09-14', 48979.00, 157, 95, 8956, 2151),
(370, '1987-12-21', 49291.00, 156, 42, 1513, 6953),
(371, '2005-03-22', 4709.00, 186, 172, 4801, 1641),
(372, '1999-06-19', 54098.00, 433, 98, 1908, 2819),
(373, '1918-03-04', 7761.00, 115, 458, 7004, 4951),
(374, '1907-06-19', 25487.00, 416, 404, 2011, 975),
(375, '2002-05-01', 87509.00, 338, 205, 8095, 7494),
(376, '1906-05-19', 645.00, 335, 279, 618, 6469),
(377, '1992-12-11', 96188.00, 13, 341, 9542, 5236),
(379, '1978-06-24', 16750.00, 214, 126, 8169, 9733),
(380, '1918-12-21', 6683.00, 299, 368, 2218, 4113),
(382, '1973-09-09', 31412.00, 323, 444, 741, 6914),
(383, '1973-12-03', 6768.00, 182, 101, 1513, 1912),
(385, '1903-11-09', 49642.00, 407, 471, 5948, 224),
(386, '1900-11-11', 18447.00, 383, 4, 9383, 2927),
(388, '1984-03-16', 4485.00, 180, 49, 4209, 4204),
(389, '1925-05-09', 3035.00, 7, 156, 6, 8678),
(390, '1973-12-03', 86867.00, 419, 483, 3427, 5723),
(392, '1905-03-11', 70134.00, 312, 469, 5309, 9539),
(393, '1968-04-12', 89131.00, 37, 480, 4352, 3011),
(394, '2013-02-19', 11495.00, 17, 53, 5234, 2151),
(395, '1971-09-27', 83126.00, 410, 35, 9542, 3431),
(396, '1906-10-16', 20220.00, 362, 323, 148, 3807),
(397, '2013-07-18', 99449.00, 244, 373, 793, 7607),
(398, '1981-08-13', 84984.00, 464, 16, 5152, 2863),
(399, '1928-03-11', 73866.00, 156, 396, 1513, 6069),
(400, '1931-08-04', 1851.00, 166, 209, 1721, 4678),
(401, '1911-04-17', 45344.00, 305, 334, 925, 822),
(403, '1983-08-12', 2775.00, 460, 44, 9583, 7917),
(404, '1974-01-13', 67739.00, 339, 387, 3193, 822),
(405, '1952-04-14', 53145.00, 150, 409, 4618, 378),
(406, '2022-08-17', 21544.00, 218, 169, 2990, 9921),
(407, '1979-12-10', 40205.00, 94, 461, 1070, 9410),
(408, '2001-03-02', 8447.00, 64, 302, 4801, 2708),
(409, '1943-07-18', 39382.00, 356, 8, 7157, 7511),
(411, '1980-08-04', 8923.00, 207, 132, 9377, 2030),
(412, '1962-08-11', 71828.00, 359, 449, 2306, 83),
(413, '2019-09-17', 9662.00, 65, 178, 2804, 9491),
(414, '2022-12-07', 27277.00, 322, 243, 1158, 1352),
(415, '1989-07-02', 38079.00, 9, 84, 9213, 5867),
(416, '1987-05-02', 46137.00, 246, 356, 9409, 8833),
(417, '1996-10-21', 98226.00, 431, 419, 3083, 7254),
(418, '1988-01-16', 94992.00, 115, 376, 7004, 1630),
(419, '1939-11-28', 67610.00, 121, 102, 1903, 9876),
(420, '1917-02-18', 68628.00, 75, 314, 3662, 4667),
(421, '2021-04-25', 66937.00, 378, 335, 2829, 1965),
(422, '2018-05-12', 31664.00, 145, 265, 7388, 1840),
(423, '1904-01-08', 1943.00, 209, 497, 8158, 20),
(425, '1959-08-24', 12220.00, 311, 203, 3037, 9782),
(426, '1930-01-11', 48958.00, 397, 458, 1835, 2810),
(427, '1976-08-07', 93199.00, 376, 387, 4572, 6307),
(428, '1971-01-27', 74577.00, 413, 369, 6526, 4894),
(429, '1938-10-13', 86351.00, 464, 490, 5152, 2487),
(430, '2015-08-15', 2383.00, 252, 367, 2149, 9755),
(431, '2015-07-11', 93560.00, 94, 368, 1070, 1998),
(432, '1927-09-13', 57898.00, 186, 383, 4801, 2863),
(433, '1925-02-11', 25573.00, 228, 419, 1093, 2967),
(434, '1950-04-28', 98767.00, 200, 166, 1513, 9497),
(435, '1994-03-13', 54110.00, 117, 335, 1789, 6688),
(436, '1952-02-21', 86739.00, 421, 399, 757, 914),
(437, '2003-03-02', 91670.00, 88, 450, 57, 3817),
(438, '1904-09-27', 29534.00, 274, 485, 8673, 8906),
(439, '1917-12-21', 63100.00, 383, 428, 9383, 4674),
(440, '1952-08-24', 85493.00, 425, 499, 3634, 5723),
(441, '1918-08-10', 75867.00, 283, 373, 8673, 7421),
(443, '1964-01-06', 10509.00, 366, 191, 6445, 663),
(444, '2011-04-09', 2438.00, 470, 319, 3703, 9975),
(445, '1985-08-15', 84407.00, 354, 225, 6733, 978),
(447, '1966-09-06', 37716.00, 183, 92, 2008, 4599),
(448, '1918-04-15', 43713.00, 65, 232, 2804, 590),
(449, '1933-07-23', 23634.00, 486, 417, 4448, 584),
(450, '1908-02-18', 64504.00, 400, 153, 9908, 3437),
(451, '1919-03-01', 81186.00, 497, 396, 1963, 6043),
(452, '1955-09-21', 71076.00, 310, 484, 9377, 9867),
(453, '1987-11-29', 29100.00, 419, 213, 3427, 6043),
(454, '1911-08-14', 22583.00, 306, 284, 5036, 3314),
(455, '1954-01-21', 47315.00, 379, 244, 2712, 4667),
(456, '1997-09-09', 33099.00, 309, 112, 6007, 982),
(457, '1948-02-07', 37985.00, 212, 153, 270, 6932),
(459, '1953-08-20', 61918.00, 321, 430, 9394, 6250),
(460, '1942-10-01', 16014.00, 107, 419, 9299, 4439),
(461, '1959-04-15', 87043.00, 282, 78, 421, 2973),
(462, '1970-06-03', 23573.00, 382, 280, 5422, 2459),
(463, '1942-03-17', 22311.00, 467, 480, 7333, 3051),
(464, '2021-10-01', 19989.00, 14, 323, 6526, 378),
(465, '1918-03-11', 29309.00, 449, 131, 7601, 6564),
(466, '1954-01-15', 67498.00, 63, 446, 794, 5121),
(467, '2015-05-22', 42558.00, 473, 71, 1587, 5590),
(468, '1945-11-17', 89434.00, 218, 387, 2990, 7917),
(469, '1944-07-04', 1969.00, 120, 448, 4120, 5121),
(470, '1977-10-25', 89348.00, 337, 278, 2966, 8819),
(471, '1908-09-12', 23128.00, 54, 244, 5234, 6034),
(473, '1981-10-18', 45077.00, 359, 256, 2306, 6983),
(474, '2016-09-10', 85114.00, 491, 174, 7051, 1199),
(475, '1950-01-29', 95136.00, 374, 41, 9464, 3089),
(478, '2000-07-18', 42695.00, 307, 297, 7308, 9215),
(479, '1954-03-30', 86208.00, 400, 402, 9908, 2095),
(480, '1904-05-10', 71216.00, 471, 22, 8042, 8819),
(481, '1942-04-07', 69742.00, 301, 218, 5895, 1143),
(482, '2002-05-06', 29065.00, 293, 38, 5446, 8701),
(483, '2023-09-26', 30219.00, 212, 165, 270, 2504),
(484, '1909-02-28', 62530.00, 171, 157, 6364, 4674),
(485, '1988-10-12', 20876.00, 356, 395, 7157, 8424),
(486, '1992-02-27', 96465.00, 266, 493, 3050, 2478),
(487, '1942-07-26', 96291.00, 475, 415, 5234, 5867),
(488, '1924-03-26', 55597.00, 140, 239, 1721, 2863),
(489, '1967-10-19', 94766.00, 75, 406, 3662, 2485),
(490, '1980-06-20', 60952.00, 59, 19, 3772, 3051),
(491, '1951-11-13', 43812.00, 484, 277, 4100, 2095),
(492, '1947-04-16', 98663.00, 321, 331, 9394, 5959),
(493, '1976-10-09', 68451.00, 28, 301, 4572, 927),
(494, '2021-04-19', 87201.00, 144, 224, 2011, 5753),
(495, '1958-09-21', 19748.00, 148, 433, 6486, 6688),
(496, '1988-12-18', 30484.00, 10, 346, 8792, 5300),
(497, '1966-10-27', 49794.00, 282, 396, 421, 8819),
(498, '1928-07-22', 47115.00, 254, 329, 794, 8045),
(499, '1979-08-17', 2047.00, 272, 223, 2368, 8739),
(500, '1963-02-07', 32902.00, 365, 129, 1372, 7187);

-- --------------------------------------------------------

--
-- Table structure for table `interest_rate`
--

CREATE TABLE `interest_rate` (
  `Interest_Rate_ID` int(50) NOT NULL CHECK (`Interest_Rate_ID` >= 0),
  `Benefits` varchar(255) DEFAULT NULL CHECK (`Benefits` = 'None' or `Benefits` = 'Long-Term Customer' or `Benefits` = 'Soldier' or `Benefits` = 'Student'),
  `TYPE` varchar(50) DEFAULT NULL CHECK (`TYPE` = 'Short-term' or `TYPE` = 'Long-term'),
  `Prime` decimal(10,2) DEFAULT NULL CHECK (`Prime` >= 0),
  `Interest` decimal(10,2) DEFAULT NULL CHECK (`Interest` >= 0)
) ENGINE=InnoDB DEFAULT CHARSET=utf8mb4 COLLATE=utf8mb4_general_ci;

--
-- Dumping data for table `interest_rate`
--

INSERT INTO `interest_rate` (`Interest_Rate_ID`, `Benefits`, `TYPE`, `Prime`, `Interest`) VALUES
(1, 'Soldier', 'Long-term', 8.34, 5.97),
(2, 'Student', 'Short-term', 9.88, 9.59),
(3, 'Student', 'Short-term', 7.42, 1.97),
(4, 'Long-Term Customer', 'Long-term', 7.70, 1.87),
(5, 'None', 'Short-term', 8.41, 5.80),
(6, 'Long-Term Customer', 'Short-term', 3.58, 8.50),
(7, 'Soldier', 'Short-term', 5.60, 7.07),
(8, 'Student', 'Short-term', 3.00, 8.27),
(9, 'Long-Term Customer', 'Long-term', 9.23, 4.56),
(10, 'Student', 'Long-term', 0.68, 2.00),
(11, 'Soldier', 'Long-term', 1.86, 1.02),
(12, 'Long-Term Customer', 'Long-term', 5.01, 9.21),
(13, 'None', 'Short-term', 5.79, 4.28),
(14, 'None', 'Long-term', 9.59, 8.21),
(15, 'Student', 'Long-term', 3.22, 7.65),
(16, 'Long-Term Customer', 'Long-term', 2.80, 9.32),
(17, 'None', 'Long-term', 9.02, 5.91),
(18, 'None', 'Long-term', 2.44, 3.16),
(19, 'None', 'Short-term', 0.64, 0.33),
(20, 'Long-Term Customer', 'Short-term', 5.02, 7.60),
(21, 'Long-Term Customer', 'Long-term', 9.84, 7.15),
(22, 'Long-Term Customer', 'Long-term', 8.18, 4.19),
(23, 'Soldier', 'Short-term', 9.15, 8.49),
(24, 'None', 'Long-term', 0.68, 2.58),
(25, 'None', 'Long-term', 2.66, 9.17),
(26, 'Student', 'Short-term', 3.60, 3.30),
(27, 'Soldier', 'Short-term', 1.73, 3.40),
(28, 'Student', 'Short-term', 5.11, 1.86),
(29, 'Student', 'Short-term', 4.57, 9.19),
(30, 'Soldier', 'Long-term', 5.89, 1.84),
(31, 'None', 'Short-term', 1.88, 3.61),
(32, 'Student', 'Short-term', 4.34, 6.00),
(33, 'Student', 'Short-term', 5.69, 7.70),
(34, 'None', 'Short-term', 4.56, 2.18),
(35, 'Student', 'Short-term', 8.04, 3.72),
(36, 'Student', 'Short-term', 0.55, 3.83),
(37, 'Long-Term Customer', 'Short-term', 4.51, 9.65),
(38, 'Long-Term Customer', 'Short-term', 4.05, 6.43),
(39, 'Student', 'Short-term', 2.81, 1.86),
(40, 'None', 'Short-term', 5.82, 1.99),
(41, 'Soldier', 'Short-term', 6.88, 6.79),
(42, 'None', 'Short-term', 2.68, 4.39),
(43, 'Long-Term Customer', 'Long-term', 9.55, 8.08),
(44, 'Student', 'Long-term', 1.95, 8.65),
(45, 'Student', 'Long-term', 1.66, 9.76),
(46, 'Long-Term Customer', 'Long-term', 2.02, 8.00),
(47, 'Long-Term Customer', 'Long-term', 6.08, 0.11),
(48, 'Soldier', 'Short-term', 1.33, 5.60),
(49, 'Soldier', 'Long-term', 1.52, 4.69),
(50, 'Long-Term Customer', 'Short-term', 8.38, 3.57),
(51, 'Long-Term Customer', 'Long-term', 3.90, 6.82),
(52, 'Soldier', 'Long-term', 0.31, 6.06),
(53, 'Soldier', 'Short-term', 4.52, 3.70),
(54, 'Soldier', 'Short-term', 1.87, 8.11),
(55, 'None', 'Short-term', 3.99, 8.59),
(56, 'Soldier', 'Long-term', 0.29, 2.28),
(57, 'Soldier', 'Short-term', 2.86, 3.61),
(58, 'Long-Term Customer', 'Short-term', 4.90, 5.65),
(59, 'Student', 'Long-term', 2.44, 7.43),
(60, 'Long-Term Customer', 'Long-term', 4.11, 7.59),
(61, 'Student', 'Long-term', 6.12, 8.23),
(62, 'Soldier', 'Short-term', 3.55, 3.14),
(63, 'None', 'Short-term', 9.55, 7.10),
(64, 'Long-Term Customer', 'Short-term', 5.58, 9.76),
(65, 'None', 'Long-term', 4.64, 8.69),
(66, 'Soldier', 'Short-term', 1.90, 3.36),
(67, 'None', 'Short-term', 9.36, 1.63),
(68, 'Soldier', 'Short-term', 8.70, 1.50),
(69, 'Long-Term Customer', 'Short-term', 9.86, 6.08),
(70, 'Soldier', 'Short-term', 0.28, 9.85),
(71, 'None', 'Short-term', 2.55, 4.22),
(72, 'None', 'Long-term', 6.72, 3.00),
(73, 'Soldier', 'Short-term', 4.83, 9.64),
(74, 'Long-Term Customer', 'Short-term', 6.77, 8.88),
(75, 'Soldier', 'Short-term', 4.14, 5.65),
(76, 'Soldier', 'Long-term', 5.27, 0.33),
(77, 'Soldier', 'Long-term', 3.66, 3.00),
(78, 'Student', 'Long-term', 6.65, 6.04),
(79, 'Soldier', 'Long-term', 6.10, 3.80),
(80, 'None', 'Short-term', 7.06, 0.24),
(81, 'None', 'Short-term', 6.30, 8.42),
(82, 'None', 'Short-term', 8.49, 0.66),
(83, 'None', 'Long-term', 3.37, 3.26),
(84, 'Long-Term Customer', 'Long-term', 0.86, 8.66),
(85, 'Student', 'Short-term', 8.49, 9.05),
(86, 'Student', 'Long-term', 0.06, 2.37),
(87, 'Student', 'Short-term', 0.79, 6.30),
(88, 'Soldier', 'Short-term', 8.11, 0.51),
(89, 'Long-Term Customer', 'Long-term', 5.81, 1.99),
(90, 'Soldier', 'Short-term', 8.52, 5.36),
(91, 'Student', 'Long-term', 3.96, 5.07),
(92, 'None', 'Short-term', 3.32, 5.59),
(93, 'Soldier', 'Short-term', 0.49, 2.39),
(94, 'Student', 'Short-term', 8.41, 0.56),
(95, 'Long-Term Customer', 'Short-term', 6.43, 2.29),
(96, 'Long-Term Customer', 'Long-term', 3.85, 4.59),
(97, 'Student', 'Short-term', 7.73, 3.05),
(98, 'None', 'Long-term', 8.54, 0.89),
(99, 'Student', 'Short-term', 3.05, 1.22),
(100, 'Student', 'Long-term', 7.60, 4.49),
(101, 'Student', 'Short-term', 2.30, 0.13),
(102, 'Long-Term Customer', 'Short-term', 8.67, 7.64),
(103, 'Student', 'Short-term', 9.71, 0.01),
(104, 'Long-Term Customer', 'Long-term', 9.79, 0.35),
(105, 'None', 'Short-term', 9.91, 6.78),
(106, 'None', 'Short-term', 9.07, 9.95),
(107, 'None', 'Short-term', 3.72, 1.46),
(108, 'Student', 'Long-term', 2.68, 5.39),
(109, 'Soldier', 'Long-term', 8.67, 0.60),
(110, 'Student', 'Long-term', 1.42, 2.55),
(111, 'Student', 'Long-term', 8.83, 2.88),
(112, 'Long-Term Customer', 'Short-term', 1.46, 6.53),
(113, 'None', 'Short-term', 0.82, 7.31),
(114, 'Student', 'Long-term', 6.49, 3.54),
(115, 'Long-Term Customer', 'Short-term', 6.86, 9.57),
(116, 'None', 'Long-term', 3.55, 9.71),
(117, 'None', 'Short-term', 6.10, 8.80),
(118, 'Long-Term Customer', 'Long-term', 2.68, 5.17),
(119, 'Student', 'Short-term', 7.28, 1.77),
(120, 'None', 'Short-term', 5.32, 4.40),
(121, 'Soldier', 'Long-term', 9.48, 9.84),
(122, 'Soldier', 'Short-term', 8.94, 6.22),
(123, 'Soldier', 'Long-term', 9.39, 7.53),
(124, 'Soldier', 'Short-term', 6.24, 5.03),
(125, 'Soldier', 'Long-term', 9.86, 1.53),
(126, 'None', 'Short-term', 0.67, 8.73),
(127, 'Student', 'Long-term', 2.89, 3.80),
(128, 'Soldier', 'Long-term', 5.15, 8.06),
(129, 'None', 'Short-term', 7.10, 0.10),
(130, 'None', 'Short-term', 6.26, 6.21),
(131, 'Student', 'Short-term', 7.21, 8.62),
(132, 'Student', 'Short-term', 2.23, 3.71),
(133, 'Soldier', 'Long-term', 1.30, 4.80),
(134, 'Soldier', 'Short-term', 9.25, 9.92),
(135, 'None', 'Long-term', 7.24, 8.22),
(136, 'Soldier', 'Long-term', 0.23, 8.98),
(137, 'None', 'Long-term', 1.35, 3.97),
(138, 'Student', 'Long-term', 1.79, 4.45),
(139, 'Long-Term Customer', 'Short-term', 0.64, 0.51),
(140, 'Long-Term Customer', 'Long-term', 5.90, 3.49),
(141, 'Soldier', 'Short-term', 6.83, 2.64),
(142, 'Soldier', 'Short-term', 6.99, 0.99),
(143, 'Soldier', 'Long-term', 9.11, 2.63),
(144, 'Student', 'Short-term', 3.32, 4.94),
(145, 'Student', 'Short-term', 4.01, 5.70),
(146, 'None', 'Long-term', 7.51, 0.36),
(147, 'Student', 'Short-term', 9.76, 3.14),
(148, 'Long-Term Customer', 'Long-term', 4.91, 2.93),
(149, 'Long-Term Customer', 'Short-term', 9.18, 7.51),
(150, 'Student', 'Long-term', 6.04, 6.95),
(151, 'Long-Term Customer', 'Long-term', 3.76, 5.95),
(152, 'None', 'Short-term', 3.13, 9.59),
(153, 'Student', 'Short-term', 5.86, 2.51),
(154, 'Soldier', 'Long-term', 7.55, 0.01),
(155, 'Long-Term Customer', 'Long-term', 9.18, 8.37),
(156, 'Student', 'Long-term', 6.06, 0.25),
(157, 'Soldier', 'Long-term', 5.83, 0.99),
(158, 'Long-Term Customer', 'Short-term', 8.11, 9.48),
(159, 'Long-Term Customer', 'Short-term', 7.33, 5.75),
(160, 'Student', 'Short-term', 5.46, 9.29),
(161, 'Student', 'Long-term', 5.56, 7.77),
(162, 'Student', 'Long-term', 1.00, 0.62),
(163, 'Soldier', 'Short-term', 6.90, 2.24),
(164, 'Soldier', 'Long-term', 3.74, 1.07),
(165, 'Student', 'Short-term', 2.30, 3.30),
(166, 'None', 'Long-term', 2.22, 6.53),
(167, 'Long-Term Customer', 'Long-term', 7.97, 7.37),
(168, 'Soldier', 'Long-term', 3.03, 1.84),
(169, 'None', 'Short-term', 9.18, 9.82),
(170, 'None', 'Short-term', 9.24, 4.84),
(171, 'None', 'Short-term', 7.84, 1.37),
(172, 'Long-Term Customer', 'Short-term', 6.50, 2.02),
(173, 'Long-Term Customer', 'Short-term', 7.58, 2.81),
(174, 'None', 'Short-term', 1.99, 9.51),
(175, 'Student', 'Long-term', 9.18, 6.08),
(176, 'None', 'Long-term', 4.39, 8.98),
(177, 'None', 'Long-term', 7.13, 7.15),
(178, 'Soldier', 'Short-term', 4.74, 9.12),
(179, 'Student', 'Short-term', 1.85, 0.44),
(180, 'Student', 'Short-term', 7.69, 3.04),
(181, 'Soldier', 'Long-term', 6.88, 9.44),
(182, 'None', 'Short-term', 8.02, 7.57),
(183, 'None', 'Long-term', 3.99, 2.33),
(184, 'Soldier', 'Short-term', 7.01, 1.57),
(185, 'Student', 'Long-term', 3.23, 9.27),
(186, 'Long-Term Customer', 'Long-term', 8.31, 6.84),
(187, 'Long-Term Customer', 'Long-term', 4.66, 2.02),
(188, 'Student', 'Short-term', 7.91, 4.68),
(189, 'Soldier', 'Long-term', 3.68, 2.73),
(190, 'Student', 'Short-term', 5.49, 8.87),
(191, 'Long-Term Customer', 'Long-term', 0.49, 5.73),
(192, 'Student', 'Long-term', 0.82, 2.88),
(193, 'Soldier', 'Short-term', 1.89, 3.26),
(194, 'Long-Term Customer', 'Short-term', 6.86, 7.59),
(195, 'Soldier', 'Long-term', 9.32, 6.35),
(196, 'Long-Term Customer', 'Short-term', 6.67, 1.72),
(197, 'None', 'Short-term', 1.13, 0.56),
(198, 'Soldier', 'Long-term', 2.83, 7.82),
(199, 'Soldier', 'Short-term', 5.78, 2.27),
(200, 'Soldier', 'Long-term', 5.77, 7.04),
(201, 'Student', 'Short-term', 0.03, 8.31),
(202, 'Long-Term Customer', 'Long-term', 8.27, 0.92),
(203, 'Student', 'Short-term', 1.90, 4.99),
(204, 'None', 'Short-term', 7.38, 0.92),
(205, 'Long-Term Customer', 'Long-term', 8.36, 8.61),
(206, 'Long-Term Customer', 'Long-term', 0.04, 7.50),
(207, 'Soldier', 'Short-term', 2.79, 1.00),
(208, 'Student', 'Long-term', 5.46, 9.67),
(209, 'Long-Term Customer', 'Long-term', 4.00, 2.51),
(210, 'None', 'Long-term', 2.85, 7.51),
(211, 'None', 'Long-term', 9.13, 2.13),
(212, 'Student', 'Short-term', 4.67, 8.55),
(213, 'Soldier', 'Short-term', 2.01, 4.31),
(214, 'Long-Term Customer', 'Long-term', 3.17, 3.08),
(215, 'Student', 'Short-term', 6.19, 3.21),
(216, 'Soldier', 'Long-term', 1.14, 7.61),
(217, 'Student', 'Short-term', 7.92, 6.68),
(218, 'Student', 'Short-term', 5.41, 0.93),
(219, 'Soldier', 'Long-term', 3.25, 4.84),
(220, 'Student', 'Long-term', 4.72, 4.38),
(221, 'Soldier', 'Long-term', 1.26, 9.91),
(222, 'None', 'Short-term', 6.66, 3.76),
(223, 'Soldier', 'Short-term', 5.00, 6.79),
(224, 'Soldier', 'Short-term', 2.85, 8.45),
(225, 'Long-Term Customer', 'Long-term', 9.52, 7.38),
(226, 'Soldier', 'Short-term', 6.35, 2.41),
(227, 'None', 'Long-term', 2.51, 9.39),
(228, 'Student', 'Short-term', 9.30, 6.37),
(229, 'Student', 'Short-term', 9.21, 8.59),
(230, 'None', 'Short-term', 6.76, 5.53),
(231, 'Student', 'Short-term', 0.29, 5.48),
(232, 'Student', 'Long-term', 9.00, 1.10),
(233, 'Long-Term Customer', 'Long-term', 8.89, 2.73),
(234, 'Long-Term Customer', 'Short-term', 5.32, 4.29),
(235, 'Student', 'Long-term', 7.57, 8.20),
(236, 'None', 'Short-term', 9.36, 5.49),
(237, 'Soldier', 'Short-term', 1.16, 3.30),
(238, 'Soldier', 'Short-term', 2.88, 5.98),
(239, 'Student', 'Long-term', 0.78, 0.53),
(240, 'Soldier', 'Short-term', 9.58, 4.77),
(241, 'Long-Term Customer', 'Short-term', 6.27, 1.94),
(242, 'Soldier', 'Short-term', 8.20, 0.87),
(243, 'Student', 'Short-term', 0.28, 6.61),
(244, 'Long-Term Customer', 'Short-term', 9.80, 8.12),
(245, 'Soldier', 'Long-term', 0.58, 8.74),
(246, 'Soldier', 'Long-term', 4.85, 9.05),
(247, 'Long-Term Customer', 'Short-term', 5.07, 4.36),
(248, 'Long-Term Customer', 'Long-term', 1.14, 6.78),
(249, 'None', 'Long-term', 1.92, 3.21),
(250, 'Soldier', 'Short-term', 5.22, 2.06),
(251, 'None', 'Short-term', 8.95, 8.93),
(252, 'Soldier', 'Short-term', 1.43, 5.89),
(253, 'Long-Term Customer', 'Long-term', 5.63, 7.87),
(254, 'Long-Term Customer', 'Long-term', 3.15, 0.88),
(255, 'Soldier', 'Short-term', 9.45, 7.89),
(256, 'None', 'Long-term', 0.08, 1.51),
(257, 'Soldier', 'Short-term', 1.60, 7.80),
(258, 'Long-Term Customer', 'Short-term', 3.29, 7.06),
(259, 'Student', 'Short-term', 8.99, 8.37),
(260, 'None', 'Short-term', 1.89, 5.54),
(261, 'Student', 'Short-term', 5.11, 1.20),
(262, 'Long-Term Customer', 'Long-term', 6.18, 8.18),
(263, 'None', 'Long-term', 1.73, 8.09),
(264, 'Student', 'Short-term', 6.39, 7.91),
(265, 'Long-Term Customer', 'Long-term', 5.90, 7.75),
(266, 'Soldier', 'Short-term', 8.22, 0.29),
(267, 'Long-Term Customer', 'Long-term', 8.94, 7.64),
(268, 'None', 'Long-term', 2.05, 4.18),
(269, 'None', 'Short-term', 2.49, 9.42),
(270, 'Student', 'Long-term', 0.73, 1.44),
(271, 'Long-Term Customer', 'Long-term', 2.48, 9.12),
(272, 'None', 'Long-term', 8.07, 1.70),
(273, 'Student', 'Long-term', 6.63, 5.96),
(274, 'Student', 'Short-term', 9.64, 7.51),
(275, 'Long-Term Customer', 'Long-term', 6.53, 2.57),
(276, 'Soldier', 'Short-term', 2.72, 0.31),
(277, 'None', 'Short-term', 7.59, 9.17),
(278, 'None', 'Long-term', 8.16, 1.11),
(279, 'None', 'Short-term', 3.42, 8.00),
(280, 'Soldier', 'Long-term', 8.26, 4.46),
(281, 'Long-Term Customer', 'Short-term', 4.00, 2.77),
(282, 'None', 'Long-term', 3.00, 0.69),
(283, 'Soldier', 'Long-term', 7.70, 0.94),
(284, 'Soldier', 'Short-term', 6.14, 1.28),
(285, 'None', 'Long-term', 9.84, 1.61),
(286, 'Soldier', 'Short-term', 7.33, 0.77),
(287, 'Soldier', 'Short-term', 7.74, 0.76),
(288, 'Soldier', 'Long-term', 4.42, 3.52),
(289, 'Student', 'Short-term', 0.24, 9.08),
(290, 'Soldier', 'Long-term', 0.73, 8.17),
(291, 'Soldier', 'Short-term', 9.30, 9.21),
(292, 'Long-Term Customer', 'Long-term', 4.57, 0.50),
(293, 'Soldier', 'Short-term', 2.87, 7.91),
(294, 'None', 'Long-term', 4.85, 3.75),
(295, 'None', 'Short-term', 5.93, 4.15),
(296, 'None', 'Long-term', 0.99, 8.62),
(297, 'Student', 'Long-term', 5.62, 8.08),
(298, 'None', 'Short-term', 3.37, 0.15),
(299, 'Long-Term Customer', 'Long-term', 1.80, 7.98),
(300, 'Long-Term Customer', 'Short-term', 7.53, 5.16),
(301, 'Student', 'Short-term', 9.98, 5.99),
(302, 'Soldier', 'Long-term', 9.06, 9.38),
(303, 'Long-Term Customer', 'Long-term', 7.22, 9.53),
(304, 'Soldier', 'Short-term', 1.71, 1.53),
(305, 'Long-Term Customer', 'Short-term', 4.85, 2.74),
(306, 'Long-Term Customer', 'Long-term', 1.03, 7.25),
(307, 'Soldier', 'Long-term', 8.35, 4.99),
(308, 'Soldier', 'Short-term', 8.13, 8.79),
(309, 'Student', 'Short-term', 4.93, 5.20),
(310, 'Student', 'Long-term', 9.16, 9.85),
(311, 'Student', 'Long-term', 6.16, 0.64),
(312, 'Student', 'Short-term', 0.93, 4.77),
(313, 'None', 'Short-term', 1.97, 2.36),
(314, 'Soldier', 'Short-term', 1.47, 5.89),
(315, 'None', 'Short-term', 5.10, 8.01),
(316, 'Student', 'Long-term', 9.93, 1.16),
(317, 'Student', 'Long-term', 2.72, 8.50),
(318, 'Soldier', 'Long-term', 5.79, 5.36),
(319, 'None', 'Short-term', 7.03, 0.55),
(320, 'Student', 'Short-term', 7.23, 8.90),
(321, 'None', 'Short-term', 3.50, 7.96),
(322, 'Long-Term Customer', 'Short-term', 8.62, 1.99),
(323, 'Soldier', 'Short-term', 3.99, 9.67),
(324, 'None', 'Short-term', 1.81, 3.60),
(325, 'Student', 'Long-term', 7.74, 8.29),
(326, 'Student', 'Long-term', 1.49, 6.76),
(327, 'Student', 'Short-term', 2.32, 7.40),
(328, 'Long-Term Customer', 'Short-term', 6.72, 6.79),
(329, 'None', 'Long-term', 8.41, 9.77),
(330, 'None', 'Long-term', 2.59, 5.06),
(331, 'None', 'Long-term', 6.39, 3.57),
(332, 'Soldier', 'Long-term', 2.85, 1.67),
(333, 'None', 'Long-term', 3.66, 2.37),
(334, 'Soldier', 'Short-term', 0.90, 5.32),
(335, 'Student', 'Long-term', 8.13, 3.93),
(336, 'Soldier', 'Long-term', 2.10, 2.65),
(337, 'Soldier', 'Short-term', 1.00, 5.02),
(338, 'Student', 'Long-term', 6.87, 4.18),
(339, 'Soldier', 'Short-term', 4.41, 4.69),
(340, 'Long-Term Customer', 'Short-term', 2.00, 5.44),
(341, 'Long-Term Customer', 'Long-term', 6.51, 9.56),
(342, 'None', 'Long-term', 4.74, 3.71),
(343, 'None', 'Long-term', 5.05, 7.87),
(344, 'Student', 'Long-term', 7.31, 0.60),
(345, 'Student', 'Long-term', 0.61, 1.03),
(346, 'Long-Term Customer', 'Long-term', 0.52, 5.19),
(347, 'None', 'Long-term', 2.72, 1.27),
(348, 'Soldier', 'Long-term', 1.61, 4.50),
(349, 'Soldier', 'Short-term', 6.28, 1.36),
(350, 'Soldier', 'Short-term', 9.02, 1.42),
(351, 'Student', 'Long-term', 3.61, 8.28),
(352, 'Long-Term Customer', 'Long-term', 1.29, 8.16),
(353, 'None', 'Long-term', 0.12, 3.02),
(354, 'Long-Term Customer', 'Short-term', 5.24, 8.13),
(355, 'Long-Term Customer', 'Short-term', 5.13, 6.13),
(356, 'None', 'Short-term', 4.29, 7.41),
(357, 'Soldier', 'Short-term', 2.67, 6.56),
(358, 'Soldier', 'Short-term', 8.93, 8.98),
(359, 'None', 'Short-term', 0.49, 3.07),
(360, 'Student', 'Long-term', 6.74, 5.43),
(361, 'Soldier', 'Short-term', 0.60, 1.39),
(362, 'None', 'Short-term', 9.77, 9.51),
(363, 'Student', 'Long-term', 2.97, 4.34),
(364, 'Long-Term Customer', 'Long-term', 2.31, 0.94),
(365, 'Long-Term Customer', 'Short-term', 4.14, 6.18),
(366, 'Student', 'Short-term', 2.32, 0.67),
(367, 'None', 'Short-term', 4.16, 8.94),
(368, 'Soldier', 'Short-term', 2.40, 7.57),
(369, 'Student', 'Short-term', 8.73, 1.62),
(370, 'Student', 'Long-term', 7.54, 3.01),
(371, 'Soldier', 'Long-term', 1.38, 0.01),
(372, 'Long-Term Customer', 'Short-term', 3.13, 7.16),
(373, 'Student', 'Short-term', 5.33, 5.73),
(374, 'Soldier', 'Short-term', 2.05, 7.43),
(375, 'Long-Term Customer', 'Long-term', 7.32, 9.29),
(376, 'None', 'Short-term', 1.53, 6.20),
(377, 'Student', 'Long-term', 2.11, 9.90),
(378, 'Soldier', 'Short-term', 2.53, 6.57),
(379, 'Long-Term Customer', 'Short-term', 2.32, 0.14),
(380, 'Student', 'Long-term', 9.92, 2.91),
(381, 'Long-Term Customer', 'Long-term', 6.55, 6.23),
(382, 'Long-Term Customer', 'Short-term', 7.75, 2.83),
(383, 'Soldier', 'Long-term', 3.68, 3.46),
(384, 'Student', 'Long-term', 0.46, 6.55),
(385, 'Soldier', 'Long-term', 5.57, 8.56),
(386, 'Long-Term Customer', 'Short-term', 1.84, 5.03),
(387, 'Soldier', 'Long-term', 6.80, 9.68),
(388, 'None', 'Long-term', 8.87, 0.35),
(389, 'None', 'Short-term', 9.85, 9.37),
(390, 'Long-Term Customer', 'Short-term', 5.28, 5.78),
(391, 'Student', 'Long-term', 0.15, 7.29),
(392, 'Soldier', 'Long-term', 6.93, 9.38),
(393, 'Long-Term Customer', 'Long-term', 0.58, 7.89),
(394, 'Student', 'Long-term', 4.92, 5.20),
(395, 'None', 'Long-term', 0.64, 7.02),
(396, 'Soldier', 'Short-term', 4.17, 5.59),
(397, 'None', 'Short-term', 3.52, 2.89),
(398, 'None', 'Short-term', 2.92, 7.81),
(399, 'None', 'Long-term', 8.13, 4.84),
(400, 'None', 'Long-term', 3.51, 7.96),
(401, 'Soldier', 'Short-term', 5.23, 7.53),
(402, 'Student', 'Long-term', 8.96, 3.33),
(403, 'Soldier', 'Short-term', 9.32, 7.89),
(404, 'Long-Term Customer', 'Long-term', 2.83, 9.72),
(405, 'Soldier', 'Long-term', 5.45, 7.81),
(406, 'Student', 'Long-term', 9.64, 1.45),
(407, 'None', 'Long-term', 3.53, 2.94),
(408, 'Long-Term Customer', 'Short-term', 7.08, 3.86),
(409, 'Long-Term Customer', 'Short-term', 7.78, 6.48),
(410, 'None', 'Long-term', 1.54, 4.71),
(411, 'Soldier', 'Short-term', 6.61, 9.30),
(412, 'None', 'Short-term', 7.07, 8.90),
(413, 'Long-Term Customer', 'Long-term', 7.21, 4.56),
(414, 'Soldier', 'Long-term', 9.79, 2.51),
(415, 'None', 'Short-term', 0.93, 4.85),
(416, 'Soldier', 'Short-term', 9.42, 1.61),
(417, 'Student', 'Short-term', 0.89, 5.29),
(418, 'None', 'Short-term', 2.91, 7.24),
(419, 'None', 'Long-term', 6.66, 4.52),
(420, 'Student', 'Long-term', 4.15, 2.57),
(421, 'Long-Term Customer', 'Short-term', 0.78, 7.76),
(422, 'None', 'Long-term', 7.93, 7.80),
(423, 'Long-Term Customer', 'Short-term', 1.08, 4.75),
(424, 'None', 'Long-term', 9.33, 0.56),
(425, 'Soldier', 'Long-term', 1.82, 0.14),
(426, 'Soldier', 'Long-term', 4.47, 6.34),
(427, 'Soldier', 'Short-term', 0.89, 8.03),
(428, 'None', 'Short-term', 2.34, 8.52),
(429, 'Long-Term Customer', 'Short-term', 9.42, 0.07),
(430, 'Soldier', 'Long-term', 9.32, 3.14),
(431, 'None', 'Long-term', 8.47, 1.15),
(432, 'Soldier', 'Short-term', 5.70, 8.35),
(433, 'Soldier', 'Short-term', 8.64, 2.48),
(434, 'Student', 'Short-term', 5.84, 1.76),
(435, 'Long-Term Customer', 'Long-term', 2.32, 7.35),
(436, 'Soldier', 'Long-term', 9.70, 2.17),
(437, 'None', 'Short-term', 8.93, 4.68),
(438, 'Long-Term Customer', 'Long-term', 4.34, 4.61),
(439, 'None', 'Short-term', 6.61, 9.77),
(440, 'Soldier', 'Long-term', 5.71, 6.32),
(441, 'Soldier', 'Short-term', 5.76, 5.00),
(442, 'Soldier', 'Long-term', 4.78, 6.26),
(443, 'None', 'Long-term', 8.10, 5.38),
(444, 'Soldier', 'Short-term', 6.77, 7.96),
(445, 'None', 'Short-term', 1.04, 3.25),
(446, 'Student', 'Long-term', 2.71, 5.89),
(447, 'None', 'Long-term', 4.61, 9.29),
(448, 'Soldier', 'Long-term', 7.45, 1.79),
(449, 'None', 'Short-term', 1.76, 5.66),
(450, 'Soldier', 'Short-term', 2.62, 1.58),
(451, 'Soldier', 'Long-term', 9.06, 1.41),
(452, 'Soldier', 'Short-term', 0.34, 0.07),
(453, 'Soldier', 'Short-term', 7.14, 0.42),
(454, 'None', 'Long-term', 2.96, 0.97),
(455, 'None', 'Short-term', 6.01, 1.37),
(456, 'Soldier', 'Long-term', 4.70, 2.43),
(457, 'None', 'Short-term', 6.94, 4.51),
(458, 'Student', 'Short-term', 5.54, 9.93),
(459, 'None', 'Long-term', 2.55, 1.01),
(460, 'Long-Term Customer', 'Short-term', 8.80, 9.93),
(461, 'Soldier', 'Long-term', 1.27, 9.95),
(462, 'Student', 'Short-term', 8.70, 0.90),
(463, 'Soldier', 'Short-term', 2.37, 7.13),
(464, 'Long-Term Customer', 'Long-term', 7.05, 8.44),
(465, 'Student', 'Long-term', 6.67, 3.57),
(466, 'Student', 'Short-term', 5.38, 8.03),
(467, 'Long-Term Customer', 'Long-term', 2.43, 7.99),
(468, 'Soldier', 'Long-term', 1.17, 9.03),
(469, 'Student', 'Long-term', 9.05, 2.72),
(470, 'Long-Term Customer', 'Short-term', 8.52, 9.83),
(471, 'Student', 'Short-term', 4.24, 6.45),
(472, 'Long-Term Customer', 'Long-term', 7.79, 3.81),
(473, 'Long-Term Customer', 'Short-term', 8.03, 8.11),
(474, 'Long-Term Customer', 'Long-term', 6.61, 3.16),
(475, 'Long-Term Customer', 'Long-term', 3.81, 7.36),
(476, 'Long-Term Customer', 'Short-term', 8.89, 6.08),
(477, 'None', 'Long-term', 7.12, 1.89),
(478, 'Student', 'Short-term', 8.71, 9.97),
(479, 'Long-Term Customer', 'Long-term', 4.80, 7.79),
(480, 'Long-Term Customer', 'Long-term', 3.13, 2.30),
(481, 'Student', 'Short-term', 8.11, 2.60),
(482, 'None', 'Long-term', 1.88, 0.60),
(483, 'Long-Term Customer', 'Long-term', 7.56, 9.32),
(484, 'None', 'Long-term', 6.12, 5.50),
(485, 'Soldier', 'Long-term', 4.61, 6.84),
(486, 'Student', 'Short-term', 5.53, 1.53),
(487, 'Long-Term Customer', 'Short-term', 7.94, 5.47),
(488, 'Student', 'Long-term', 3.82, 5.43),
(489, 'Long-Term Customer', 'Long-term', 8.18, 3.55),
(490, 'Student', 'Long-term', 4.55, 8.86),
(491, 'None', 'Long-term', 2.59, 8.94),
(492, 'Long-Term Customer', 'Long-term', 7.73, 4.59),
(493, 'None', 'Short-term', 3.33, 0.99),
(494, 'Soldier', 'Long-term', 6.53, 2.48),
(495, 'Student', 'Short-term', 1.33, 7.93),
(496, 'Long-Term Customer', 'Long-term', 7.47, 4.32),
(497, 'Student', 'Long-term', 9.84, 2.68),
(498, 'Student', 'Long-term', 2.18, 2.96),
(499, 'Soldier', 'Short-term', 4.84, 7.47),
(500, 'Student', 'Long-term', 4.18, 4.41);

-- --------------------------------------------------------

--
-- Table structure for table `worker`
--

CREATE TABLE `worker` (
  `Worker_ID` int(50) NOT NULL CHECK (`Worker_ID` >= 0),
  `Worker_NAME` varchar(255) DEFAULT NULL CHECK (!(`Worker_NAME` regexp '[0-9]'))
) ENGINE=InnoDB DEFAULT CHARSET=utf8mb4 COLLATE=utf8mb4_general_ci;

--
-- Dumping data for table `worker`
--

INSERT INTO `worker` (`Worker_ID`, `Worker_NAME`) VALUES
(5, 'Eugenie'),
(20, 'Normand'),
(29, 'Deborah'),
(31, 'Meredithe'),
(52, 'Dede'),
(76, 'Vonnie'),
(83, 'Waldo'),
(142, 'Shaina'),
(169, 'Correy'),
(199, 'Arri'),
(207, 'Bradley'),
(217, 'Glyn'),
(218, 'Meghann'),
(224, 'Conny'),
(283, 'Currie'),
(313, 'Norean'),
(322, 'Wat'),
(344, 'Cindee'),
(378, 'Jessamine'),
(397, 'Lombard'),
(435, 'Early'),
(442, 'Carena'),
(454, 'Faydra'),
(531, 'Lorenzo'),
(541, 'Gusti'),
(545, 'Winnifred'),
(579, 'Elinore'),
(584, 'Cayla'),
(589, 'Sula'),
(590, 'Madison'),
(604, 'Nap'),
(628, 'Paulita'),
(640, 'Tobye'),
(663, 'Eda'),
(687, 'Alvan'),
(697, 'Kimberly'),
(705, 'Abdel'),
(709, 'Hercules'),
(730, 'Carmon'),
(771, 'Eunice'),
(783, 'Trent'),
(794, 'Claude'),
(795, 'Federica'),
(797, 'Natassia'),
(822, 'Jory'),
(832, 'Westbrooke'),
(847, 'Jerrie'),
(848, 'Fred'),
(881, 'Charis'),
(914, 'Letisha'),
(923, 'Godiva'),
(927, 'Mahmoud'),
(975, 'Daveen'),
(978, 'Gideon'),
(982, 'Cassie'),
(1047, 'Elyssa'),
(1055, 'Lucine'),
(1066, 'Golda'),
(1072, 'Ula'),
(1095, 'Brier'),
(1142, 'Matthieu'),
(1143, 'Trenton'),
(1193, 'Zelma'),
(1199, 'Tabbatha'),
(1206, 'Gayle'),
(1221, 'Ezri'),
(1253, 'Hilliary'),
(1260, 'Berk'),
(1341, 'Vallie'),
(1352, 'Davidde'),
(1387, 'Ricki'),
(1395, 'Filide'),
(1426, 'Sadie'),
(1470, 'Sondra'),
(1489, 'Terrijo'),
(1563, 'Giselbert'),
(1583, 'Persis'),
(1584, 'Constantine'),
(1609, 'Alene'),
(1630, 'Pace'),
(1639, 'Godfree'),
(1641, 'Atlante'),
(1645, 'Ellette'),
(1748, 'Aundrea'),
(1751, 'Antonina'),
(1784, 'Alisander'),
(1791, 'Lucky'),
(1840, 'Jerrylee'),
(1901, 'Ellary'),
(1912, 'Rozalie'),
(1927, 'Urbanus'),
(1945, 'Beau'),
(1965, 'Shandeigh'),
(1968, 'Hobart'),
(1992, 'Ettore'),
(1998, 'Otes'),
(2008, 'Rowen'),
(2016, 'Patrick'),
(2020, 'Titus'),
(2030, 'Rois'),
(2069, 'Gordy'),
(2095, 'Adams'),
(2107, 'Natty'),
(2128, 'Malena'),
(2129, 'Lucienne'),
(2138, 'Elora'),
(2151, 'Asia'),
(2176, 'Cherri'),
(2233, 'Jordon'),
(2234, 'Robbie'),
(2284, 'Windham'),
(2319, 'Theressa'),
(2334, 'Shae'),
(2349, 'Corey'),
(2381, 'Talia'),
(2408, 'Louella'),
(2451, 'Kaspar'),
(2459, 'Tremain'),
(2470, 'Ange'),
(2474, 'Duncan'),
(2478, 'Aluin'),
(2485, 'Joscelin'),
(2487, 'Farr'),
(2504, 'Gayla'),
(2511, 'Shoshanna'),
(2529, 'Shep'),
(2546, 'Umberto'),
(2581, 'Enrico'),
(2583, 'Gabey'),
(2591, 'Harri'),
(2639, 'Tania'),
(2673, 'Margarette'),
(2706, 'Jan'),
(2708, 'Mareah'),
(2713, 'Randy'),
(2774, 'Gerick'),
(2794, 'Kay'),
(2804, 'Gun'),
(2805, 'Kellia'),
(2810, 'Lianna'),
(2811, 'Faun'),
(2819, 'Zenia'),
(2832, 'Madelene'),
(2840, 'Kenna'),
(2863, 'Birdie'),
(2927, 'Philip'),
(2932, 'Kipp'),
(2967, 'Gwyneth'),
(2973, 'Anatollo'),
(3011, 'Saba'),
(3043, 'Peyter'),
(3051, 'Hinze'),
(3077, 'Lay'),
(3089, 'Vidovik'),
(3090, 'Estevan'),
(3147, 'Yulma'),
(3155, 'Jeana'),
(3188, 'Lorena'),
(3202, 'Scottie'),
(3310, 'Loree'),
(3311, 'Tory'),
(3314, 'Guilbert'),
(3341, 'Christina'),
(3360, 'Lars'),
(3398, 'Gipsy'),
(3406, 'Wells'),
(3410, 'Karl'),
(3431, 'Nissa'),
(3437, 'Jemmy'),
(3450, 'Darren'),
(3484, 'Broddie'),
(3492, 'Timothee'),
(3530, 'Antonin'),
(3544, 'Rene'),
(3609, 'Honoria'),
(3610, 'Magdalene'),
(3701, 'Goldy'),
(3705, 'Trev'),
(3804, 'Charin'),
(3807, 'Donella'),
(3812, 'Rheba'),
(3817, 'Vaclav'),
(3848, 'Harri'),
(3927, 'Hinze'),
(3966, 'Lawrence'),
(4035, 'Lissie'),
(4050, 'Laura'),
(4056, 'Xaviera'),
(4074, 'Joellyn'),
(4080, 'Rina'),
(4089, 'Yankee'),
(4095, 'Zachariah'),
(4096, 'Austin'),
(4113, 'Allyn'),
(4150, 'Vergil'),
(4154, 'Ruthanne'),
(4204, 'Philis'),
(4233, 'Pris'),
(4310, 'Gabriel'),
(4330, 'Matthieu'),
(4331, 'Devi'),
(4362, 'Bradly'),
(4393, 'Lulu'),
(4401, 'Kipp'),
(4404, 'Leese'),
(4410, 'Gun'),
(4421, 'Meris'),
(4439, 'Gardiner'),
(4478, 'Lowrance'),
(4525, 'Jenna'),
(4530, 'Cassie'),
(4531, 'Donavon'),
(4580, 'Lexine'),
(4599, 'Coretta'),
(4615, 'Rebecca'),
(4631, 'Nomi'),
(4654, 'Randy'),
(4667, 'Jacquenette'),
(4674, 'Rikki'),
(4678, 'Janette'),
(4752, 'Jared'),
(4757, 'Lutero'),
(4766, 'Carrie'),
(4771, 'Caye'),
(4786, 'Cly'),
(4804, 'Alfons'),
(4816, 'Laina'),
(4824, 'Harwell'),
(4831, 'Ugo'),
(4837, 'Cooper'),
(4852, 'Celestina'),
(4879, 'Xylina'),
(4887, 'Jacinda'),
(4894, 'Derril'),
(4927, 'Owen'),
(4935, 'Chandra'),
(4951, 'Neel'),
(4952, 'Falkner'),
(4977, 'Fidelity'),
(4997, 'Arlie'),
(5006, 'Waldon'),
(5094, 'Imogene'),
(5121, 'Myra'),
(5170, 'Jillane'),
(5198, 'Garold'),
(5210, 'Zelda'),
(5222, 'Celinka'),
(5236, 'Darrel'),
(5281, 'Leonardo'),
(5300, 'Mack'),
(5342, 'Byron'),
(5351, 'Yehudi'),
(5352, 'Amabelle'),
(5373, 'Carroll'),
(5378, 'Nanice'),
(5530, 'Arman'),
(5557, 'Karena'),
(5569, 'Veronika'),
(5590, 'Rosette'),
(5642, 'Chickie'),
(5686, 'Belita'),
(5702, 'Ely'),
(5715, 'Marlyn'),
(5723, 'Mel'),
(5731, 'Jarrid'),
(5738, 'Hartwell'),
(5753, 'Cari'),
(5754, 'Adelaide'),
(5792, 'Rivy'),
(5806, 'Jessalin'),
(5813, 'Francyne'),
(5814, 'Jocko'),
(5867, 'Margalo'),
(5902, 'Marti'),
(5951, 'Englebert'),
(5959, 'Ava'),
(5972, 'Miran'),
(5980, 'Aguistin'),
(6031, 'Megan'),
(6034, 'Blinni'),
(6043, 'Glenn'),
(6052, 'Gardy'),
(6069, 'Karrie'),
(6082, 'Jamison'),
(6093, 'Fulvia'),
(6167, 'Antons'),
(6176, 'Kile'),
(6184, 'Drucy'),
(6194, 'Marcus'),
(6241, 'Denni'),
(6250, 'Rollo'),
(6274, 'Kirstin'),
(6278, 'Bron'),
(6280, 'Kingston'),
(6307, 'Ashely'),
(6315, 'Tiffani'),
(6338, 'Andris'),
(6342, 'Shena'),
(6365, 'Crissie'),
(6380, 'Peta'),
(6428, 'Adriaens'),
(6440, 'Valerye'),
(6469, 'Amy'),
(6489, 'Virgie'),
(6528, 'Dotti'),
(6530, 'Charley'),
(6533, 'Hal'),
(6538, 'Dilly'),
(6551, 'Timothee'),
(6554, 'Chrisy'),
(6559, 'Abby'),
(6564, 'Chiarra'),
(6574, 'Ferdy'),
(6622, 'Brennen'),
(6624, 'Ulrica'),
(6685, 'Codi'),
(6688, 'Quent'),
(6738, 'Caye'),
(6752, 'Patrica'),
(6764, 'Juliet'),
(6776, 'Oneida'),
(6803, 'Corabel'),
(6805, 'Radcliffe'),
(6855, 'Gertrude'),
(6860, 'Algernon'),
(6902, 'Jefferey'),
(6910, 'Lishe'),
(6914, 'Teri'),
(6932, 'Therine'),
(6938, 'Say'),
(6953, 'Boniface'),
(6977, 'Kaile'),
(6983, 'Lanni'),
(7015, 'Marie'),
(7039, 'Goldy'),
(7071, 'Gerald'),
(7084, 'Aguistin'),
(7085, 'Fanchon'),
(7101, 'Jamal'),
(7128, 'Linc'),
(7134, 'Dore'),
(7141, 'Esdras'),
(7187, 'Katharina'),
(7194, 'Cristen'),
(7218, 'Chickie'),
(7219, 'Gilbert'),
(7241, 'Edita'),
(7254, 'Ebeneser'),
(7284, 'Pieter'),
(7300, 'Rois'),
(7325, 'Leeanne'),
(7337, 'Rory'),
(7339, 'Freda'),
(7347, 'Frederic'),
(7360, 'Cicily'),
(7393, 'Donica'),
(7399, 'Pancho'),
(7421, 'Leicester'),
(7467, 'Desmund'),
(7475, 'Ruddie'),
(7494, 'Devan'),
(7511, 'Yul'),
(7520, 'Calv'),
(7529, 'Nester'),
(7530, 'Wain'),
(7566, 'Randie'),
(7603, 'Carly'),
(7607, 'Eugenia'),
(7629, 'Forrest'),
(7635, 'Willem'),
(7655, 'Tamqrah'),
(7667, 'Chandra'),
(7673, 'Tristan'),
(7697, 'Sidnee'),
(7734, 'Gregoor'),
(7747, 'Mahmud'),
(7749, 'Ansell'),
(7763, 'Yehudit'),
(7769, 'Jacqui'),
(7772, 'Say'),
(7904, 'Durward'),
(7910, 'Paulette'),
(7917, 'Callie'),
(7932, 'Muhammad'),
(7979, 'Eydie'),
(7986, 'Margarete'),
(8000, 'Sandi'),
(8022, 'Kearney'),
(8023, 'Mick'),
(8045, 'Lian'),
(8082, 'Teddy'),
(8129, 'Antons'),
(8191, 'Alessandro'),
(8192, 'Jill'),
(8198, 'Demetrius'),
(8218, 'Cherin'),
(8223, 'Kermy'),
(8229, 'Tyrus'),
(8232, 'Joellyn'),
(8264, 'Jeanna'),
(8339, 'Osborn'),
(8341, 'Kenneth'),
(8373, 'Hill'),
(8376, 'Binky'),
(8424, 'Frederick'),
(8467, 'Mimi'),
(8469, 'Fee'),
(8486, 'Tiler'),
(8516, 'Kendell'),
(8526, 'Jerry'),
(8554, 'Chloette'),
(8557, 'Alina'),
(8639, 'Zebadiah'),
(8646, 'Basia'),
(8672, 'Hasty'),
(8678, 'Alano'),
(8685, 'Avictor'),
(8691, 'Hilary'),
(8701, 'Gabriella'),
(8710, 'Francene'),
(8732, 'Ruthy'),
(8733, 'Reine'),
(8739, 'Allx'),
(8748, 'Bendicty'),
(8819, 'Bette-ann'),
(8833, 'Teddie'),
(8840, 'Harrie'),
(8852, 'Marney'),
(8854, 'Kettie'),
(8881, 'Richmound'),
(8889, 'August'),
(8906, 'Hilliard'),
(8947, 'Merle'),
(9015, 'Urbanus'),
(9041, 'Bella'),
(9053, 'Judah'),
(9065, 'Tillie'),
(9066, 'Tessa'),
(9084, 'Celina'),
(9116, 'Bronnie'),
(9164, 'Victoria'),
(9168, 'Pier'),
(9215, 'Rudolph'),
(9308, 'Cullin'),
(9321, 'Myrna'),
(9368, 'Eleni'),
(9373, 'Keven'),
(9410, 'Parrnell'),
(9425, 'Selene'),
(9461, 'Suzy'),
(9471, 'Adolph'),
(9472, 'Becka'),
(9491, 'Phillis'),
(9497, 'Luci'),
(9539, 'Van'),
(9562, 'Bing'),
(9616, 'Octavius'),
(9631, 'Ertha'),
(9635, 'Nerta'),
(9640, 'Kassi'),
(9681, 'Ilka'),
(9682, 'Bale'),
(9685, 'Renaud'),
(9709, 'May'),
(9733, 'Preston'),
(9734, 'Fairleigh'),
(9742, 'Aloise'),
(9745, 'Titos'),
(9755, 'Max'),
(9782, 'Donnamarie'),
(9788, 'Joby'),
(9800, 'Katrine'),
(9802, 'Odie'),
(9808, 'Dannye'),
(9840, 'Nanette'),
(9867, 'Bartlet'),
(9871, 'Josselyn'),
(9876, 'Rivy'),
(9907, 'Catha'),
(9921, 'Gil'),
(9933, 'Gabriello'),
(9949, 'Charmine'),
(9968, 'Franciskus'),
(9975, 'Aldus'),
(9980, 'Debi'),
(9985, 'Ethelind');

--
-- Indexes for dumped tables
--

--
-- Indexes for table `account`
--
ALTER TABLE `account`
  ADD PRIMARY KEY (`Bank_ID`,`Account_Number`),
  ADD KEY `Client_ID` (`Client_ID`);

--
-- Indexes for table `bank`
--
ALTER TABLE `bank`
  ADD PRIMARY KEY (`Bank_ID`);

--
-- Indexes for table `client`
--
ALTER TABLE `client`
  ADD PRIMARY KEY (`Client_ID`);

--
-- Indexes for table `deposit`
--
ALTER TABLE `deposit`
  ADD PRIMARY KEY (`Deposit_ID`,`Account_Number`,`Bank_ID`),
  ADD KEY `Worker_ID` (`Worker_ID`),
  ADD KEY `Bank_ID` (`Bank_ID`,`Account_Number`),
  ADD KEY `Interest_Rate_ID` (`Interest_Rate_ID`);

--
-- Indexes for table `interest_rate`
--
ALTER TABLE `interest_rate`
  ADD PRIMARY KEY (`Interest_Rate_ID`);

--
-- Indexes for table `worker`
--
ALTER TABLE `worker`
  ADD PRIMARY KEY (`Worker_ID`);

--
-- Constraints for dumped tables
--

--
-- Constraints for table `account`
--
ALTER TABLE `account`
  ADD CONSTRAINT `account_ibfk_1` FOREIGN KEY (`Client_ID`) REFERENCES `client` (`Client_ID`),
  ADD CONSTRAINT `account_ibfk_2` FOREIGN KEY (`Bank_ID`) REFERENCES `bank` (`Bank_ID`);

--
-- Constraints for table `deposit`
--
ALTER TABLE `deposit`
  ADD CONSTRAINT `deposit_ibfk_1` FOREIGN KEY (`Worker_ID`) REFERENCES `worker` (`Worker_ID`),
  ADD CONSTRAINT `deposit_ibfk_2` FOREIGN KEY (`Bank_ID`,`Account_Number`) REFERENCES `account` (`Bank_ID`, `Account_Number`),
  ADD CONSTRAINT `deposit_ibfk_3` FOREIGN KEY (`Interest_Rate_ID`) REFERENCES `interest_rate` (`Interest_Rate_ID`);
COMMIT;

/*!40101 SET CHARACTER_SET_CLIENT=@OLD_CHARACTER_SET_CLIENT */;
/*!40101 SET CHARACTER_SET_RESULTS=@OLD_CHARACTER_SET_RESULTS */;
/*!40101 SET COLLATION_CONNECTION=@OLD_COLLATION_CONNECTION */;
