-- phpMyAdmin SQL Dump
-- version 5.2.1
-- https://www.phpmyadmin.net/
--
-- Host: 127.0.0.1
-- Generation Time: May 20, 2024 at 08:17 PM
-- Server version: 10.4.32-MariaDB
-- PHP Version: 8.2.12

SET SQL_MODE = "NO_AUTO_VALUE_ON_ZERO";
START TRANSACTION;
SET time_zone = "+00:00";


/*!40101 SET @OLD_CHARACTER_SET_CLIENT=@@CHARACTER_SET_CLIENT */;
/*!40101 SET @OLD_CHARACTER_SET_RESULTS=@@CHARACTER_SET_RESULTS */;
/*!40101 SET @OLD_COLLATION_CONNECTION=@@COLLATION_CONNECTION */;
/*!40101 SET NAMES utf8mb4 */;

--
-- Database: `bank_deposit`
--

-- --------------------------------------------------------

--
-- Table structure for table `account`
--

CREATE TABLE `account` (
  `Account_Number` varchar(50) NOT NULL CHECK (`Account_Number` >= 0),
  `Open_Date` date DEFAULT NULL,
  `Balance` decimal(10,2) DEFAULT NULL,
  `Account_Type` varchar(50) DEFAULT NULL CHECK (`Account_Type` = 'Savings' or `Account_Type` = 'Business' or `Account_Type` = 'Checking'),
  `Client_ID` varchar(50) DEFAULT NULL,
  `Bank_ID` varchar(50) NOT NULL
) ENGINE=InnoDB DEFAULT CHARSET=utf8mb4 COLLATE=utf8mb4_general_ci;

--
-- Dumping data for table `account`
--

INSERT INTO `account` (`Account_Number`, `Open_Date`, `Balance`, `Account_Type`, `Client_ID`, `Bank_ID`) VALUES
('041', '1907-05-14', 59899.00, 'Checking', '143031595', '0212'),
('069', '2001-06-13', 38900.00, 'Business', '845490264', '0212'),
('089', '1956-05-19', 70614.00, 'Savings', '12032151', '0212'),
('042', '1904-04-21', 4350.00, 'Savings', '908213685', '0277'),
('093', '1987-03-02', 13379.00, 'Savings', '701202160', '0277'),
('178', '1924-02-14', 79509.00, 'Business', '48311726', '0277'),
('114', '1951-01-13', 30508.00, 'Checking', '878628273', '0527'),
('050', '1957-04-05', 34845.00, 'Checking', '187120458', '0669'),
('123', '1997-07-09', 19049.00, 'Business', '104520964', '0669'),
('036', '1918-09-22', 98493.00, 'Business', '46254338', '0751'),
('051', '1941-05-24', 4683.00, 'Savings', '845490264', '0751'),
('059', '1954-04-21', 71575.00, 'Business', '456849660', '0758'),
('156', '1966-01-17', 59261.00, 'Business', '75808550', '0758'),
('194', '1932-06-26', 40897.00, 'Business', '824428004', '0758'),
('188', '1924-11-24', 48090.00, 'Checking', '265016234', '0800'),
('002', '1910-10-03', 2144.00, 'Business', '753466769', '0816'),
('055', '1981-10-29', 99545.00, 'Savings', '604246769', '0816'),
('196', '1999-08-18', 32466.00, 'Business', '701202160', '0877'),
('084', '1967-04-12', 5483.00, 'Checking', '565399395', '0879'),
('031', '2005-07-24', 48046.00, 'Business', '802669465', '0925'),
('067', '1910-10-12', 87656.00, 'Checking', '773880066', '0957'),
('115', '2020-09-09', 5557.00, 'Checking', '431052441', '0957'),
('119', '1945-08-27', 51798.00, 'Savings', '908213685', '0978'),
('189', '1936-09-11', 83508.00, 'Business', '355885766', '0978'),
('081', '1979-11-19', 83916.00, 'Business', '272421763', '1039'),
('018', '1978-02-17', 48137.00, 'Checking', '668729236', '1303'),
('121', '1987-12-17', 60831.00, 'Checking', '753466769', '1303'),
('061', '1913-02-23', 25657.00, 'Savings', '970715686', '1359'),
('075', '1912-06-04', 77112.00, 'Checking', '531232151', '1359'),
('147', '1928-08-17', 88002.00, 'Business', '671159683', '1466'),
('066', '2011-07-16', 28355.00, 'Checking', '738328922', '1551'),
('008', '2020-03-20', 92712.00, 'Checking', '932693667', '1736'),
('160', '1990-10-21', 40092.00, 'Business', '375566653', '1736'),
('193', '1920-02-10', 87158.00, 'Business', '205379168', '1736'),
('027', '1995-01-14', 21551.00, 'Business', '48311726', '1800'),
('161', '1970-07-09', 26837.00, 'Checking', '992781160', '1800'),
('022', '1974-04-07', 55723.00, 'Checking', '947230028', '1875'),
('094', '1915-12-13', 24207.00, 'Business', '906226351', '1965'),
('164', '1923-08-06', 66532.00, 'Savings', '12032151', '1965'),
('142', '2004-10-12', 59026.00, 'Business', '138266928', '1990'),
('168', '1960-01-28', 82279.00, 'Checking', '668729236', '1990'),
('132', '1959-01-15', 90698.00, 'Business', '947230028', '2009'),
('171', '1999-03-20', 15750.00, 'Business', '710775325', '2028'),
('052', '1928-11-14', 73380.00, 'Business', '138266928', '2082'),
('154', '1910-06-27', 70558.00, 'Checking', '12666493', '2082'),
('010', '2018-04-03', 10806.00, 'Savings', '229807934', '2348'),
('116', '1978-01-06', 5215.00, 'Checking', '423243021', '2348'),
('146', '2015-03-22', 81958.00, 'Savings', '261184594', '2348'),
('111', '1930-08-16', 80939.00, 'Business', '994293863', '2361'),
('003', '1920-08-31', 98546.00, 'Savings', '976825155', '2372'),
('048', '2024-09-05', 86807.00, 'Checking', '226072439', '2376'),
('071', '1961-03-15', 86482.00, 'Checking', '475383606', '2376'),
('076', '2004-09-11', 91980.00, 'Checking', '51865669', '2376'),
('039', '1937-06-04', 29913.00, 'Checking', '631942593', '2440'),
('104', '1967-09-21', 897.00, 'Checking', '970715686', '2440'),
('016', '2001-10-23', 87870.00, 'Savings', '374412319', '2568'),
('137', '1910-04-29', 27106.00, 'Business', '143031595', '2768'),
('074', '1952-08-04', 31548.00, 'Savings', '906226351', '2784'),
('097', '1973-09-16', 98243.00, 'Business', '454574116', '2784'),
('037', '1949-03-26', 68964.00, 'Savings', '990082798', '2888'),
('103', '0000-00-00', 31854.00, 'Business', '992781160', '2905'),
('162', '1956-02-14', 92548.00, 'Business', '378271606', '2905'),
('191', '1993-07-17', 56746.00, 'Savings', '310057167', '2905'),
('159', '1940-07-24', 96268.00, 'Business', '671159683', '3084'),
('063', '1991-11-01', 5142.00, 'Savings', '828263651', '3118'),
('049', '2018-03-16', 31343.00, 'Savings', '92464845', '3155'),
('172', '1994-03-23', 47787.00, 'Savings', '257179780', '3155'),
('100', '1918-06-17', 96776.00, 'Business', '51865669', '3202'),
('175', '2001-02-07', 53615.00, 'Business', '657624453', '3203'),
('108', '1925-05-30', 68295.00, 'Savings', '994293863', '3237'),
('118', '1952-08-02', 95832.00, 'Savings', '773880066', '3237'),
('060', '1960-08-29', 45104.00, 'Business', '240676580', '3255'),
('195', '1960-08-17', 55962.00, 'Business', '304413166', '3255'),
('033', '1904-05-20', 8055.00, 'Business', '403335889', '3298'),
('046', '1961-06-12', 91347.00, 'Savings', '658295129', '3338'),
('138', '1943-05-28', 70162.00, 'Business', '22866438', '3361'),
('007', '2015-05-20', 37518.00, 'Savings', '456849660', '3396'),
('166', '1942-05-10', 18551.00, 'Savings', '275869007', '3411'),
('158', '1901-01-16', 62452.00, 'Checking', '773880066', '3459'),
('163', '1902-10-20', 33678.00, 'Savings', '597133336', '3459'),
('034', '2024-03-30', 82833.00, 'Checking', '538982028', '3496'),
('004', '1993-08-31', 90919.00, 'Business', '346146468', '3606'),
('030', '1988-12-02', 52961.00, 'Business', '4607610', '3632'),
('023', '1970-01-17', 78762.00, 'Business', '604246769', '3722'),
('057', '2002-12-18', 90291.00, 'Checking', '993889395', '3722'),
('144', '2013-01-28', 75446.00, 'Checking', '613862805', '3722'),
('128', '2008-04-24', 84336.00, 'Checking', '300964459', '4303'),
('165', '1939-04-16', 60971.00, 'Checking', '106871333', '4303'),
('073', '1915-05-07', 56127.00, 'Savings', '444276383', '4395'),
('077', '2007-04-09', 89257.00, 'Checking', '970715686', '4395'),
('129', '1903-04-24', 93594.00, 'Business', '261184594', '4443'),
('028', '2021-05-18', 41800.00, 'Savings', '202067048', '4525'),
('185', '1987-11-25', 15077.00, 'Checking', '457571259', '4566'),
('083', '1928-12-20', 6305.00, 'Business', '487216003', '4620'),
('099', '1983-04-16', 17593.00, 'Checking', '275869007', '4620'),
('135', '1997-06-09', 39063.00, 'Business', '514151250', '4635'),
('062', '1920-12-18', 72050.00, 'Savings', '188007870', '4733'),
('064', '1963-02-20', 4262.00, 'Checking', '824428004', '4842'),
('078', '1973-03-01', 31453.00, 'Savings', '667378468', '5011'),
('102', '1974-09-29', 88671.00, 'Business', '886545968', '5231'),
('182', '1978-08-17', 81995.00, 'Checking', '106871333', '5249'),
('199', '1983-12-12', 81062.00, 'Checking', '836910457', '5280'),
('058', '1949-11-14', 84211.00, 'Savings', '861635578', '5376'),
('134', '1975-10-03', 64385.00, 'Business', '282284452', '5376'),
('035', '1916-04-16', 63660.00, 'Business', '77604807', '5555'),
('136', '1982-05-17', 29591.00, 'Checking', '177465193', '5693'),
('086', '1977-01-25', 26096.00, 'Checking', '434192002', '5694'),
('152', '1974-05-13', 22423.00, 'Business', '52556980', '5720'),
('183', '2010-10-27', 82766.00, 'Savings', '613862805', '5720'),
('006', '2008-10-13', 72731.00, 'Business', '71419813', '5742'),
('153', '1918-02-27', 78796.00, 'Checking', '597133336', '5742'),
('176', '1964-09-10', 58422.00, 'Checking', '386912046', '5811'),
('113', '1964-11-07', 11785.00, 'Checking', '374070158', '5869'),
('122', '1919-01-17', 27785.00, 'Savings', '444276383', '5869'),
('011', '1938-06-09', 94779.00, 'Business', '885228783', '5919'),
('072', '2001-02-14', 92403.00, 'Business', '974282882', '5919'),
('013', '1978-08-11', 49713.00, 'Business', '577640779', '6221'),
('117', '1945-11-14', 93146.00, 'Savings', '77604807', '6221'),
('140', '2017-08-22', 7133.00, 'Business', '514151250', '6275'),
('080', '1917-03-12', 49077.00, 'Checking', '721230844', '6284'),
('095', '1910-07-08', 70306.00, 'Business', '45487611', '6284'),
('126', '2016-05-06', 92332.00, 'Savings', '226072439', '6284'),
('021', '1938-06-11', 75978.00, 'Checking', '75808550', '6354'),
('012', '1933-02-07', 92364.00, 'Business', '195677365', '6417'),
('125', '1988-11-15', 69917.00, 'Business', '886175734', '6417'),
('024', '2019-07-31', 65342.00, 'Savings', '960207441', '6518'),
('109', '1921-01-17', 57174.00, 'Business', '43091725', '6576'),
('001', '1927-01-15', 81910.00, 'Business', '52556980', '6610'),
('105', '1991-07-09', 92905.00, 'Savings', '771097726', '6610'),
('112', '2013-05-13', 22951.00, 'Savings', '430879348', '6622'),
('120', '1954-06-29', 88097.00, 'Checking', '974282882', '6694'),
('017', '1944-08-22', 32485.00, 'Checking', '457571259', '6713'),
('029', '1925-07-11', 14531.00, 'Savings', '464089763', '6713'),
('101', '2003-05-27', 30464.00, 'Business', '310057167', '6753'),
('079', '1912-06-11', 93607.00, 'Checking', '92464845', '6844'),
('184', '2021-05-20', 76072.00, 'Business', '205977487', '6844'),
('174', '1942-06-30', 22298.00, 'Savings', '456849660', '6917'),
('043', '1940-11-09', 27416.00, 'Savings', '261184594', '7030'),
('170', '1963-10-22', 31774.00, 'Checking', '378271606', '7364'),
('192', '2001-11-08', 79970.00, 'Savings', '870752201', '7584'),
('054', '1970-11-05', 80683.00, 'Savings', '711738046', '7697'),
('150', '1928-09-21', 26487.00, 'Checking', '658287338', '7697'),
('198', '1985-05-27', 88620.00, 'Business', '51865669', '7699'),
('181', '1995-10-23', 61264.00, 'Business', '205977487', '7803'),
('149', '1963-08-01', 53615.00, 'Business', '845490264', '7812'),
('106', '1998-02-10', 22212.00, 'Savings', '957308461', '7844'),
('139', '1997-08-18', 55155.00, 'Checking', '482168068', '8028'),
('032', '1972-10-24', 14198.00, 'Business', '89473194', '8060'),
('197', '1998-05-23', 5601.00, 'Business', '455408978', '8060'),
('070', '1995-02-27', 5742.00, 'Savings', '48311726', '8199'),
('187', '1946-02-14', 97223.00, 'Business', '196775761', '8245'),
('127', '1938-07-24', 72301.00, 'Savings', '213195563', '8300'),
('148', '1915-12-21', 28675.00, 'Savings', '871966784', '8386'),
('045', '1942-07-08', 77945.00, 'Savings', '548897529', '8537'),
('177', '1977-01-06', 13013.00, 'Savings', '625176387', '8537'),
('026', '1990-10-09', 42596.00, 'Checking', '310057167', '8597'),
('145', '1941-10-03', 1544.00, 'Business', '777345722', '8600'),
('088', '1921-06-18', 66868.00, 'Business', '711738046', '8669'),
('155', '2007-01-23', 65402.00, 'Savings', '574700638', '8669'),
('190', '1996-08-15', 99894.00, 'Savings', '971168710', '8669'),
('014', '1941-03-01', 53855.00, 'Savings', '248445879', '8670'),
('047', '1930-03-21', 53971.00, 'Business', '187120458', '8670'),
('025', '2001-06-13', 76542.00, 'Savings', '23634789', '8726'),
('015', '1987-09-09', 92992.00, 'Savings', '852789812', '8738'),
('019', '1946-07-28', 43937.00, 'Business', '23634789', '8769'),
('065', '1964-01-17', 12762.00, 'Business', '43091725', '8769'),
('092', '1911-08-17', 39765.00, 'Business', '992781160', '8769'),
('133', '1949-11-18', 67997.00, 'Checking', '39176841', '8769'),
('056', '1929-05-23', 45079.00, 'Business', '431052441', '9022'),
('141', '1929-08-04', 83015.00, 'Business', '701202160', '9022'),
('087', '1916-05-07', 5726.00, 'Savings', '232499560', '9104'),
('005', '1909-06-26', 57892.00, 'Checking', '355885766', '9132'),
('130', '1938-10-13', 51941.00, 'Checking', '957308461', '9132'),
('124', '1967-03-11', 50670.00, 'Business', '399500241', '9251'),
('090', '0000-00-00', 31073.00, 'Checking', '824428004', '9320'),
('068', '1963-03-12', 61781.00, 'Business', '60977664', '9425'),
('085', '2017-01-08', 66204.00, 'Savings', '378841848', '9592'),
('110', '1928-04-24', 70853.00, 'Savings', '878628273', '9672'),
('038', '2020-03-24', 80575.00, 'Savings', '378271606', '9692'),
('096', '1911-03-31', 3252.00, 'Savings', '51865669', '9692'),
('167', '1928-05-23', 30483.00, 'Business', '858729129', '9761'),
('173', '2012-10-03', 24789.00, 'Business', '597133336', '9761'),
('186', '1954-08-08', 10551.00, 'Business', '861635578', '9761'),
('040', '1956-03-20', 35416.00, 'Business', '631942593', '9767'),
('044', '1995-08-19', 85352.00, 'Business', '802669465', '9767'),
('098', '2008-12-21', 51853.00, 'Business', '994293863', '9806'),
('151', '1953-03-17', 86785.00, 'Savings', '658295129', '9806'),
('157', '1969-01-31', 94339.00, 'Savings', '612444595', '9827'),
('009', '1946-10-14', 4333.00, 'Business', '124554787', '9859'),
('082', '1982-02-18', 48866.00, 'Checking', '366136915', '9859'),
('143', '1941-10-20', 41005.00, 'Business', '622587017', '9892'),
('180', '1986-10-11', 23778.00, 'Savings', '701202160', '9892'),
('091', '1922-08-30', 3797.00, 'Savings', '972195432', '9938'),
('020', '1990-03-11', 12403.00, 'Business', '960207441', '9957'),
('053', '1981-07-29', 81456.00, 'Checking', '213195563', '9957'),
('107', '1915-05-19', 71650.00, 'Checking', '906226351', '9957'),
('169', '1908-08-06', 74655.00, 'Business', '565761340', '9957'),
('131', '1988-09-22', 74313.00, 'Business', '257179780', '9961'),
('179', '1960-01-19', 83914.00, 'Savings', '886545968', '9961');

-- --------------------------------------------------------

--
-- Table structure for table `bank`
--

CREATE TABLE `bank` (
  `Bank_ID` varchar(50) NOT NULL CHECK (`Bank_ID` >= 0),
  `Bank_NAME` varchar(255) DEFAULT NULL,
  `Bank_Address` varchar(255) DEFAULT NULL,
  `Bank_Phone_Number` varchar(20) DEFAULT NULL
) ENGINE=InnoDB DEFAULT CHARSET=utf8mb4 COLLATE=utf8mb4_general_ci;

--
-- Dumping data for table `bank`
--

INSERT INTO `bank` (`Bank_ID`, `Bank_NAME`, `Bank_Address`, `Bank_Phone_Number`) VALUES
('0100', 'Nona', '203 Bartelt Terrace', '056-070-6037'),
('0103', 'Mandi', '1422 Sugar Terrace', '052-804-2573'),
('0179', 'Ebba', '18583 Summit Road', '057-893-5716'),
('0212', 'Julianna', '69 Maple Wood Avenue', '056-208-3988'),
('0277', 'Hewe', '34 East Parkway', '051-009-6510'),
('0492', 'Penni', '558 East Center', '054-521-8804'),
('0527', 'Gav', '7347 Lunder Point', '053-129-1747'),
('0669', 'Dodie', '05139 Del Sol Lane', '051-361-3180'),
('0687', 'Weylin', '1 Alpine Junction', '050-139-3787'),
('0751', 'Merrill', '77 Warbler Street', '053-554-1419'),
('0758', 'Winifred', '06569 Arrowood Junction', '056-576-4659'),
('0800', 'Bendite', '47 Troy Trail', '052-447-4494'),
('0816', 'Dixie', '6 Johnson Pass', '051-121-7795'),
('0828', 'Lottie', '20 Amoth Way', '055-229-8282'),
('0869', 'Gifford', '82257 Annamark Drive', '053-348-6384'),
('0877', 'Abra', '7 Goodland Place', '059-788-0061'),
('0879', 'Jade', '6 Park Meadow Parkway', '056-543-9087'),
('0925', 'Afton', '956 Swallow Crossing', '052-094-8787'),
('0957', 'Erin', '7 Prairieview Terrace', '056-190-3393'),
('0978', 'Bart', '384 Glendale Pass', '050-983-8582'),
('1039', 'Mollee', '183 Thackeray Terrace', '056-747-6790'),
('1077', 'Marcelline', '7363 Dapin Avenue', '057-153-8822'),
('1157', 'Neville', '52634 Norway Maple Point', '059-430-3121'),
('1158', 'Edyth', '29 Cottonwood Avenue', '050-509-6025'),
('1303', 'Essa', '228 Armistice Drive', '054-493-9819'),
('1315', 'Fiona', '47672 Holy Cross Road', '059-622-1081'),
('1359', 'Latia', '85 Sutteridge Lane', '050-570-1730'),
('1391', 'Leticia', '91 Caliangt Center', '050-707-3615'),
('1428', 'Rafe', '038 Monica Point', '059-781-8048'),
('1436', 'Stefanie', '45 Orin Point', '050-595-8714'),
('1441', 'Wendall', '899 Rowland Terrace', '053-731-8758'),
('1466', 'Andy', '39 Tony Pass', '052-462-0927'),
('1533', 'Ruby', '825 Briar Crest Road', '057-946-9963'),
('1551', 'Asher', '26035 Hazelcrest Road', '054-939-2767'),
('1736', 'Jeromy', '724 Schlimgen Court', '052-793-0868'),
('1800', 'Calvin', '915 American Ash Crossing', '058-435-0380'),
('1871', 'Carlin', '2 Lillian Place', '056-603-1291'),
('1875', 'Bab', '446 Starling Center', '056-401-2645'),
('1965', 'Hannie', '22402 Michigan Pass', '052-238-6384'),
('1990', 'Steward', '04 Spaight Hill', '059-622-6645'),
('2009', 'Malina', '86 Talisman Crossing', '058-992-8493'),
('2028', 'Hakeem', '844 Transport Crossing', '053-788-5548'),
('2082', 'Torrin', '668 5th Point', '058-225-2611'),
('2112', 'Ronny', '3332 Hoard Court', '058-567-2776'),
('2113', 'Abel', '7 Anniversary Junction', '054-070-9190'),
('2155', 'Dorian', '88561 Grim Pass', '054-683-1978'),
('2348', 'Jonathan', '81 Vera Center', '054-096-3323'),
('2361', 'Fitzgerald', '15682 Spenser Court', '050-281-8674'),
('2370', 'Reinhard', '2 Helena Trail', '055-340-7998'),
('2372', 'Neale', '80 South Court', '051-680-6757'),
('2376', 'Melisenda', '22570 Mosinee Crossing', '058-353-8934'),
('2389', 'Aprilette', '6 New Castle Park', '056-728-3934'),
('2440', 'Karalee', '879 North Hill', '053-527-8004'),
('2568', 'Tod', '08 Saint Paul Circle', '051-037-8670'),
('2768', 'Damien', '255 6th Parkway', '050-379-4028'),
('2784', 'Norina', '68 Lotheville Hill', '056-617-9728'),
('2802', 'Blisse', '99368 Cascade Hill', '056-485-5257'),
('2808', 'Myrwyn', '703 Washington Drive', '058-796-1118'),
('2854', 'Rog', '4871 Oneill Parkway', '056-355-0198'),
('2862', 'Barny', '60546 Golf Drive', '055-289-9973'),
('2888', 'Bill', '22530 Cascade Hill', '055-125-3105'),
('2905', 'Reeva', '9521 Randy Parkway', '052-070-4687'),
('3069', 'Berte', '62519 Merchant Lane', '055-868-8424'),
('3084', 'Shandy', '63 Maple Wood Parkway', '055-440-4882'),
('3118', 'Rudolf', '6 Saint Paul Place', '053-704-8181'),
('3155', 'Mehetabel', '53 Fordem Parkway', '056-111-3840'),
('3171', 'Ardelis', '75582 Harper Hill', '055-968-5053'),
('3202', 'Emlen', '40350 Lakewood Gardens Hill', '058-058-3531'),
('3203', 'Byram', '355 Fair Oaks Point', '052-836-4106'),
('3237', 'Scotty', '7689 Fieldstone Center', '059-685-8793'),
('3255', 'Kaile', '4 Hagan Terrace', '050-222-1993'),
('3298', 'Miller', '24418 Delaware Junction', '051-839-6458'),
('3338', 'Leonanie', '00 Logan Point', '053-504-0298'),
('3361', 'Antoinette', '88635 Norway Maple Plaza', '052-244-8803'),
('3396', 'Owen', '28141 Hazelcrest Drive', '055-648-9245'),
('3411', 'Mendy', '5 Pleasure Park', '059-274-6583'),
('3459', 'Kelby', '59593 Maple Way', '056-017-4484'),
('3496', 'Elvin', '7 Carioca Pass', '059-344-5571'),
('3606', 'Fairleigh', '43368 Bashford Road', '052-565-4661'),
('3632', 'Patric', '137 Pankratz Street', '056-133-4036'),
('3718', 'Dewie', '467 Linden Way', '053-167-9655'),
('3722', 'Jesselyn', '46 Johnson Drive', '055-614-7461'),
('3785', 'Cyrus', '98 Lighthouse Bay Park', '059-200-6723'),
('3805', 'Seymour', '667 7th Street', '054-810-3249'),
('3857', 'Nanni', '2 Debra Avenue', '050-477-2442'),
('3961', 'Kip', '2 Charing Cross Center', '050-914-2697'),
('4004', 'Mycah', '7574 Russell Street', '057-783-9154'),
('4027', 'Mathe', '38100 Canary Court', '056-192-6783'),
('4271', 'Zedekiah', '81 Main Parkway', '050-506-0261'),
('4303', 'Blakelee', '8688 Anhalt Park', '053-571-0931'),
('4395', 'Raff', '11 Mitchell Circle', '056-441-7523'),
('4399', 'Freddy', '5 Bultman Terrace', '059-602-4924'),
('4443', 'Glenine', '16389 Grasskamp Court', '059-546-1181'),
('4525', 'Galven', '9002 Westport Circle', '053-910-4331'),
('4566', 'Wilone', '11025 Rowland Point', '058-301-2391'),
('4620', 'Julissa', '97826 Moose Street', '059-978-7026'),
('4635', 'Jolene', '335 Sugar Plaza', '050-591-1926'),
('4733', 'Gabbie', '47343 Dahle Alley', '056-074-2038'),
('4842', 'Ivy', '5795 Texas Terrace', '050-274-4749'),
('5011', 'Darsie', '927 Gale Hill', '059-280-9062'),
('5196', 'Beauregard', '91130 Banding Terrace', '054-026-7479'),
('5199', 'Chrysler', '266 Nevada Trail', '054-490-2657'),
('5231', 'Granger', '9304 Forster Court', '056-859-4607'),
('5249', 'Eda', '0200 Manitowish Plaza', '055-397-6906'),
('5280', 'Neil', '39 Chive Court', '052-373-0054'),
('5376', 'Callie', '0 Packers Point', '057-123-8873'),
('5555', 'Claire', '9280 Mosinee Junction', '055-050-2021'),
('5631', 'Frants', '103 Carey Way', '050-011-6963'),
('5666', 'Alain', '2 Hooker Plaza', '050-735-2367'),
('5693', 'Gerik', '2523 Crescent Oaks Court', '057-909-4387'),
('5694', 'Reagan', '38 Scofield Street', '058-086-2530'),
('5720', 'Mervin', '961 Charing Cross Avenue', '056-341-0274'),
('5742', 'Gerda', '241 Lakeland Avenue', '054-495-7047'),
('5811', 'Demetris', '40136 Golf Park', '057-770-4133'),
('5869', 'Georgianne', '65832 Hovde Terrace', '056-423-5155'),
('5919', 'Dorian', '6 Clarendon Park', '057-375-9352'),
('6026', 'Haily', '92 Mifflin Lane', '059-932-1112'),
('6087', 'Gabriele', '7448 Clemons Plaza', '051-390-9012'),
('6221', 'Janene', '62 Golden Leaf Pass', '057-185-2069'),
('6275', 'Shirl', '07 Bunting Parkway', '053-268-9542'),
('6284', 'Rachel', '1 Merrick Alley', '057-946-2635'),
('6347', 'Andrus', '636 Tennessee Lane', '057-684-5086'),
('6354', 'Rabi', '85949 New Castle Point', '052-191-2690'),
('6368', 'Kacey', '21884 Kinsman Avenue', '053-878-5443'),
('6417', 'Morganne', '5563 Sundown Pass', '052-845-1109'),
('6518', 'Linnell', '0611 Hoepker Avenue', '051-917-8701'),
('6576', 'Wit', '5484 Monterey Trail', '050-124-0963'),
('6610', 'Lynelle', '88317 Hoard Road', '052-923-4157'),
('6622', 'Dalis', '9275 Sutherland Place', '055-426-4342'),
('6668', 'Adan', '54 Claremont Place', '059-188-2291'),
('6672', 'Rasla', '45 Warrior Park', '055-591-4502'),
('6694', 'Harlie', '424 Fairfield Lane', '055-417-5310'),
('6713', 'Ibbie', '4 Truax Terrace', '055-458-2595'),
('6733', 'Klarika', '4 Shasta Court', '059-452-0283'),
('6753', 'Ester', '6 Lotheville Avenue', '057-653-2876'),
('6831', 'Tove', '03550 Raven Point', '058-213-0312'),
('6844', 'Pippa', '5176 Karstens Trail', '050-436-7866'),
('6887', 'Mufinella', '2 Heath Lane', '053-357-1746'),
('6902', 'Gardy', '156 Grayhawk Court', '058-413-7189'),
('6917', 'Ginnifer', '1360 Forest Dale Pass', '057-204-4302'),
('7030', 'Nana', '709 Blaine Lane', '052-801-1902'),
('7290', 'Wyn', '98857 Blackbird Pass', '051-040-9979'),
('7364', 'Kym', '3 Vernon Court', '056-042-6396'),
('7381', 'Sammy', '74 Comanche Alley', '057-086-9353'),
('7562', 'Oswell', '854 Sycamore Center', '058-866-3154'),
('7584', 'Andree', '3938 Gale Place', '055-995-7961'),
('7638', 'Ardys', '94 Talmadge Trail', '050-725-8872'),
('7697', 'Jo-ann', '7955 Redwing Crossing', '059-882-3679'),
('7699', 'Otes', '9 Del Sol Way', '055-691-1103'),
('7803', 'Prudy', '9563 Magdeline Hill', '050-068-2131'),
('7812', 'Amanda', '44 Bartelt Plaza', '055-113-4167'),
('7844', 'Lance', '76 Morning Road', '052-221-5863'),
('8028', 'Jeanna', '98268 Rigney Court', '051-593-3498'),
('8060', 'Alfie', '51 Lyons Circle', '055-599-9692'),
('8128', 'Wesley', '712 6th Circle', '050-542-5910'),
('8199', 'Maud', '62 Loomis Drive', '057-543-6073'),
('8245', 'Nananne', '470 Thompson Pass', '058-248-6710'),
('8300', 'Adella', '2 Cottonwood Avenue', '055-331-3163'),
('8386', 'Freddie', '525 Briar Crest Hill', '057-955-1710'),
('8537', 'Keir', '8996 Carpenter Hill', '054-706-3933'),
('8597', 'Shanie', '00441 Lien Center', '053-752-1753'),
('8600', 'Bianka', '744 East Court', '056-885-4496'),
('8641', 'Cordi', '57 Everett Court', '058-815-9136'),
('8669', 'Tiena', '68 Ramsey Circle', '052-419-2357'),
('8670', 'Estella', '5 Paget Pass', '053-363-9194'),
('8726', 'Tilly', '708 Anzinger Plaza', '056-782-3571'),
('8738', 'Pamella', '8438 Lakewood Street', '058-181-7308'),
('8769', 'Terrel', '04796 Dovetail Hill', '055-290-3783'),
('9022', 'Webb', '6019 Prentice Plaza', '052-507-0851'),
('9024', 'Glyn', '3324 Weeping Birch Parkway', '059-014-7027'),
('9104', 'Zacherie', '69 Eagan Junction', '056-051-6156'),
('9132', 'Krystle', '061 Sunnyside Park', '054-286-2442'),
('9142', 'Aguste', '243 Mayfield Alley', '053-390-8254'),
('9169', 'Alon', '36993 Hazelcrest Avenue', '059-583-5313'),
('9176', 'Cullin', '27109 Bultman Point', '059-828-3107'),
('9215', 'Colline', '8 Pennsylvania Pass', '051-648-6919'),
('9220', 'Manda', '2 Mccormick Lane', '058-321-4467'),
('9222', 'George', '887 Sachtjen Lane', '051-046-5914'),
('9251', 'Holden', '0 Mcbride Trail', '054-362-0748'),
('9320', 'Grace', '616 Onsgard Crossing', '051-280-4208'),
('9425', 'Teodoor', '7936 Dixon Road', '057-255-3373'),
('9433', 'Casandra', '97656 Darwin Court', '058-140-9223'),
('9539', 'Matti', '616 Summer Ridge Trail', '052-162-6679'),
('9592', 'Rene', '32387 Roth Pass', '055-755-8360'),
('9672', 'Drugi', '170 Independence Alley', '053-234-1517'),
('9692', 'Knox', '0 Jay Court', '052-025-7696'),
('9761', 'Dorisa', '8420 Sachtjen Court', '055-626-5076'),
('9767', 'Belinda', '377 East Crossing', '050-250-0838'),
('9806', 'Ingrim', '3387 Alpine Court', '053-188-2022'),
('9827', 'Jeddy', '8777 Nelson Court', '053-088-9002'),
('9859', 'Shirline', '0 Stephen Pass', '050-078-7470'),
('9875', 'Pollyanna', '2 1st Road', '052-503-2929'),
('9892', 'Guthrie', '325 Vidon Park', '055-028-2709'),
('9916', 'Alane', '606 Rigney Avenue', '052-805-0574'),
('9938', 'Misty', '83274 Hagan Trail', '058-058-7747'),
('9957', 'Annaliese', '4847 Grayhawk Crossing', '056-012-1817'),
('9961', 'Kile', '8 Browning Point', '058-338-6710');

-- --------------------------------------------------------

--
-- Table structure for table `client`
--

CREATE TABLE `client` (
  `Client_ID` varchar(50) NOT NULL,
  `Client_Name` varchar(255) DEFAULT NULL,
  `Client_Address` varchar(255) DEFAULT NULL,
  `Client_Phone_Number` varchar(20) DEFAULT NULL,
  `Client_Email` varchar(255) DEFAULT NULL
) ENGINE=InnoDB DEFAULT CHARSET=utf8mb4 COLLATE=utf8mb4_general_ci;

--
-- Dumping data for table `client`
--

INSERT INTO `client` (`Client_ID`, `Client_Name`, `Client_Address`, `Client_Phone_Number`, `Client_Email`) VALUES
('104520964', 'Findley', '7994 Thierer Hill', '054-892-2227', 'flabronew@addthis.com'),
('106871333', 'Simonette', '48 Di Loreto Alley', '050-124-4448', 'sbramo1v@netlog.com'),
('12032151', 'Michele', '2 Kinsman Center', '055-255-4652', 'mmckelvie3r@craigslist.org'),
('124554787', 'Morissa', '61252 Glendale Parkway', '059-255-8037', 'mpomeroy37@sogou.com'),
('12666493', 'Marti', '590 Jay Junction', '051-485-6510', 'mvittery5j@simplemachines.org'),
('137768711', 'Nathanael', '3007 Doe Crossing Hill', '054-710-2191', 'ndicarli1o@goo.ne.jp'),
('138266928', 'Lilah', '87 Transport Trail', '055-453-3714', 'lfowlerz@ebay.com'),
('143002457', 'Olivia', '3 Goodland Trail', '058-763-9803', 'orachuigh@hexun.com'),
('143031595', 'Zelda', '184 Rusk Street', '053-244-4099', 'zcrecy42@vimeo.com'),
('1451444', 'Sampson', '93464 Beilfuss Lane', '052-793-4138', 'spodmore3l@state.gov'),
('147050197', 'Bendick', '03646 Muir Terrace', '057-992-2719', 'bsievewright22@narod.ru'),
('177465193', 'Suzette', '135 Calypso Trail', '053-936-8354', 'swebster30@rediff.com'),
('187120458', 'Corrianne', '93 Prairie Rose Center', '057-118-9641', 'csleford2e@bbc.co.uk'),
('188007870', 'Joyann', '88 Talmadge Place', '058-422-7597', 'jilbert4o@wisc.edu'),
('195677365', 'Cord', '11739 Nobel Center', '051-434-7163', 'caldous48@gov.uk'),
('196775761', 'Elliot', '8012 Ronald Regan Trail', '058-891-2564', 'enapoleon4i@berkeley.edu'),
('202067048', 'Sebastiano', '5954 Milwaukee Pass', '051-663-8590', 'shyrons4q@army.mil'),
('205379168', 'Sawyere', '4 Clarendon Lane', '056-435-6565', 'ssevier57@wix.com'),
('205977487', 'Pen', '042 Golden Leaf Junction', '052-092-1316', 'pfitchenc@shutterfly.com'),
('213195563', 'Annabela', '4 Sunfield Drive', '050-866-4280', 'aleet4g@ftc.gov'),
('221423670', 'Ailyn', '74 Center Junction', '057-636-2198', 'abrownlie2n@yahoo.co.jp'),
('226072439', 'Hedwig', '8128 Spaight Road', '053-770-4449', 'hgleave3g@fastcompany.com'),
('226355731', 'Roarke', '30277 Burning Wood Trail', '052-380-7059', 'rcloke3b@pinterest.com'),
('22866438', 'Ezequiel', '53595 Maywood Road', '051-769-0060', 'ehalsted4@zimbio.com'),
('229807934', 'Bordie', '5980 Hazelcrest Park', '056-050-2732', 'bmorrant1d@newyorker.com'),
('232499560', 'Lusa', '1 Victoria Pass', '054-456-9325', 'lbatha4y@joomla.org'),
('23634789', 'Fin', '3540 8th Place', '053-558-0792', 'fdigle2c@privacy.gov.au'),
('240676580', 'Alejandra', '81 North Street', '058-290-7909', 'ajeannesson24@de.vu'),
('247570411', 'Angil', '84 Algoma Avenue', '050-614-3238', 'aboullen19@pen.io'),
('248445879', 'Sephira', '642 Green Ridge Hill', '052-782-1687', 'sgaber56@ezinearticles.com'),
('25287028', 'Shirl', '965 Rockefeller Alley', '055-841-2898', 'sfoxwellv@princeton.edu'),
('257179780', 'Britney', '3095 Division Place', '053-771-4353', 'bnormanville2j@earthlink.net'),
('261184594', 'Kirbie', '433 Prairieview Lane', '054-293-1819', 'kreimsx@dailymail.co.uk'),
('262308311', 'Harris', '1899 Fisk Circle', '050-412-8018', 'hstockill3h@surveymonkey.com'),
('265016234', 'Aurora', '647 Golf Lane', '054-483-0602', 'agarmey2d@virginia.edu'),
('269725152', 'Cristen', '40 Pine View Park', '057-066-4019', 'cgrieveson4d@zdnet.com'),
('272421763', 'Annelise', '1306 Stoughton Pass', '056-300-2507', 'aouver14@fastcompany.com'),
('275354182', 'Rodd', '1 Ronald Regan Road', '051-342-5373', 'rtevelov44@vk.com'),
('275869007', 'Em', '9 Oneill Crossing', '050-800-7731', 'ethresh29@dagondesign.com'),
('27674204', 'Alma', '9 Lillian Pass', '056-880-3201', 'areek11@theguardian.com'),
('282284452', 'Yoshiko', '24297 Wayridge Street', '051-823-2569', 'ywestrope47@merriam-webster.com'),
('293429552', 'Dwain', '6 Fuller Crossing', '056-306-7038', 'dbowdon41@spotify.com'),
('299043765', 'Gabrila', '399 Scoville Point', '059-025-5822', 'gspadelli2p@salon.com'),
('300964459', 'Bevan', '36 Homewood Crossing', '055-180-8708', 'bgaul4e@tinypic.com'),
('303077071', 'Beniamino', '7427 Jenna Place', '053-999-6544', 'blewsie26@blogtalkradio.com'),
('303387406', 'Fionnula', '3662 Hauk Hill', '050-220-9616', 'fpiniur2o@alibaba.com'),
('304413166', 'Ryann', '29 Thierer Hill', '051-833-0524', 'rthorneley1z@discuz.net'),
('307456809', 'Honor', '81 International Way', '057-509-8553', 'htilberry2i@list-manage.com'),
('310057167', 'Nicky', '87 Lerdahl Circle', '052-981-3434', 'npedron43@usgs.gov'),
('327408327', 'Valentino', '9503 Eggendart Park', '054-531-1774', 'vbottingq@epa.gov'),
('330474319', 'Peggie', '5137 Cardinal Street', '055-838-0340', 'petridget@theguardian.com'),
('336586169', 'Winna', '57214 Washington Plaza', '051-511-4710', 'whatter3y@thetimes.co.uk'),
('344667927', 'Isidor', '964 Beilfuss Court', '058-646-0663', 'icalendar2k@ow.ly'),
('346146468', 'Arvy', '0 Ilene Way', '052-427-9558', 'aoheneghanb@weebly.com'),
('351702943', 'Rollo', '5 Banding Pass', '053-715-2806', 'rlarkworthy40@github.io'),
('355885766', 'Ardella', '81 Schiller Terrace', '055-871-7299', 'aprozescky2g@google.ca'),
('361740965', 'Liza', '65 Sage Court', '054-091-1151', 'lwiltonm@state.gov'),
('366136915', 'Jodee', '7657 Lerdahl Place', '057-570-1470', 'jgumbrell25@mtv.com'),
('368515304', 'Annette', '0 Hazelcrest Plaza', '053-977-6665', 'abriztman3z@opensource.org'),
('372696487', 'Fritz', '90 Kings Avenue', '052-323-7163', 'fcromar6@europa.eu'),
('374070158', 'Rianon', '4389 Muir Alley', '050-804-6107', 'rwoodus5h@purevolume.com'),
('374412319', 'Noell', '79 Lighthouse Bay Pass', '057-177-0945', 'nspurge3p@meetup.com'),
('375566653', 'Tobye', '821 Artisan Parkway', '051-228-9024', 'tvivash1t@pinterest.com'),
('378271606', 'Tara', '03 Ridgeway Street', '055-247-3066', 'tkennelly45@tuttocitta.it'),
('378841848', 'Verina', '171 Pierstorff Alley', '057-755-1241', 'vrottgers1b@wikia.com'),
('386912046', 'Ky', '8956 Raven Trail', '055-529-3025', 'kfromant5i@merriam-webster.com'),
('39176841', 'Lorianna', '0 Caliangt Alley', '059-033-0452', 'lfeighney2l@clickbank.net'),
('393217597', 'Renado', '38855 Grover Way', '059-363-7625', 'rkurteng@vk.com'),
('399500241', 'Trescha', '94656 Pepper Wood Plaza', '051-411-0152', 'tswarbrigg5e@statcounter.com'),
('403335889', 'Cully', '13 Walton Alley', '059-889-4641', 'clodford1w@fema.gov'),
('413197333', 'Welsh', '35941 Bluejay Parkway', '057-496-5544', 'wbridat3d@plala.or.jp'),
('420627145', 'Jon', '79 Sommers Parkway', '050-932-1827', 'jshone1i@un.org'),
('423243021', 'Adelheid', '75 Shasta Terrace', '053-093-8490', 'apepon59@a8.net'),
('430879348', 'Bryant', '08268 New Castle Parkway', '053-161-8777', 'blenney1a@e-recht24.de'),
('43091725', 'Ingrid', '9651 Gateway Point', '050-127-5414', 'inosworthy2a@about.me'),
('431052441', 'Bordie', '9829 Reinke Park', '057-819-5313', 'bandreacci1y@loc.gov'),
('434192002', 'Freemon', '463 Jana Point', '054-679-4823', 'fbudgety@php.net'),
('444276383', 'Simmonds', '8 Hayes Park', '052-122-7766', 'ssprason3v@shareasale.com'),
('454574116', 'Jobyna', '56879 Namekagon Court', '050-975-7423', 'jdubbino@sbwire.com'),
('45487611', 'Denyse', '5413 Glendale Pass', '057-361-8887', 'dmylesp@npr.org'),
('455408978', 'Herc', '28 Saint Paul Street', '050-067-4184', 'hevetts2f@sfgate.com'),
('456849660', 'Fernandina', '4 Ridge Oak Drive', '050-600-0432', 'ftivenan39@slideshare.net'),
('457571259', 'Matthiew', '41 Springs Alley', '053-599-3185', 'mnisbet51@barnesandnoble.com'),
('460588633', 'Pearla', '8812 Doe Crossing Alley', '057-386-6996', 'pbartocci1@dailymail.co.uk'),
('4607610', 'Ricardo', '2 Melby Center', '055-366-6019', 'rberre2m@netlog.com'),
('46254338', 'Ida', '41 Merry Parkway', '055-299-0221', 'ibranchett1p@fema.gov'),
('464089763', 'Camey', '977 Farwell Lane', '052-026-6599', 'cbrydson50@devhub.com'),
('475383606', 'Rafaelita', '70890 Graceland Place', '050-978-7168', 'rwille3@vk.com'),
('476059890', 'Carlye', '64410 Almo Crossing', '057-774-2548', 'cfaircloths@home.pl'),
('477632213', 'Hillier', '3688 Forest Run Crossing', '057-532-6351', 'hlebrun38@fc2.com'),
('482168068', 'Archambault', '332 Kedzie Circle', '059-419-9493', 'abanger5d@state.tx.us'),
('48311726', 'Delmore', '4361 Karstens Parkway', '058-949-5500', 'dsonger3j@sitemeter.com'),
('487216003', 'Ely', '5012 Spaight Drive', '054-351-6760', 'ebeste3f@reuters.com'),
('496623714', 'Vinson', '05 Texas Place', '057-770-1507', 'voager3m@technorati.com'),
('497304356', 'Halimeda', '598 Ramsey Lane', '055-572-9652', 'hgoulthorp53@lulu.com'),
('500061903', 'Delora', '37 Lotheville Alley', '052-795-7694', 'drevilla@com.com'),
('500937477', 'Elvyn', '1712 Kingsford Pass', '050-121-1317', 'ecumpsty2r@usgs.gov'),
('514151250', 'Ardith', '4110 Fair Oaks Lane', '050-842-6752', 'adotterill3t@rediff.com'),
('51865669', 'Abagail', '3575 Glendale Court', '057-015-6857', 'adoerffer4n@multiply.com'),
('524538236', 'Priscella', '9640 Kensington Junction', '055-671-1792', 'plawful49@paginegialle.it'),
('52556980', 'Nickie', '1302 Nobel Hill', '059-288-3482', 'ngodding3n@slate.com'),
('531232151', 'Meredeth', '79674 Towne Way', '052-632-6595', 'mmarikhin1j@irs.gov'),
('531435551', 'Teador', '33 West Avenue', '057-481-1372', 'theads54@princeton.edu'),
('533248531', 'Sondra', '56 Fallview Crossing', '057-403-5678', 'sslanen@theglobeandmail.com'),
('538982028', 'Oriana', '374 Manufacturers Junction', '052-188-1303', 'oberzine@tmall.com'),
('548897529', 'Sallyanne', '241 Merry Circle', '054-374-2982', 'sstert4k@netvibes.com'),
('565399395', 'Keslie', '1 Crescent Oaks Parkway', '056-327-1631', 'kjenking58@howstuffworks.com'),
('565761340', 'Juana', '44 Fair Oaks Court', '058-099-0648', 'jmacmakin23@canalblog.com'),
('567747047', 'Kissiah', '3 New Castle Terrace', '055-697-1681', 'kduckers46@about.com'),
('574700638', 'Krysta', '448 Bultman Park', '058-252-1680', 'kridgley2v@cornell.edu'),
('577640779', 'Jasmin', '3 Crescent Oaks Trail', '050-516-9840', 'jcasella52@netvibes.com'),
('592647144', 'Mateo', '6 Green Ridge Pass', '056-045-5309', 'morpyne4l@scribd.com'),
('597133336', 'Janka', '9387 Sycamore Place', '051-339-3003', 'jcranmere1e@soup.io'),
('604246769', 'Coretta', '5457 Laurel Terrace', '053-810-1138', 'clangton21@zdnet.com'),
('60977664', 'Merry', '88 Schmedeman Way', '054-774-1138', 'mmostin16@scientificamerican.com'),
('612444595', 'Xylia', '497 Arrowood Circle', '053-291-2474', 'xsongust2b@engadget.com'),
('613862805', 'Field', '176 Monument Pass', '056-371-9846', 'frraundlk@tiny.cc'),
('622587017', 'Joya', '00580 David Lane', '055-762-2719', 'jhawksleel@t.co'),
('625176387', 'Carol-jean', '4082 Johnson Drive', '052-220-6374', 'cmcgill1r@slate.com'),
('625764789', 'Ken', '42 Maple Hill', '050-603-0485', 'khodjetts4a@hhs.gov'),
('631942593', 'Cross', '09 Mesta Trail', '054-491-1364', 'cworsellf@amazonaws.com'),
('655609416', 'Vannie', '460 Transport Court', '055-463-6783', 'vlarking1s@google.com.br'),
('657624453', 'Marinna', '15 Hovde Parkway', '057-282-7809', 'mtrickey2q@gizmodo.com'),
('658287338', 'Elnar', '3860 Shelley Crossing', '056-558-6615', 'edrynan4c@cisco.com'),
('658295129', 'Iver', '85691 Crescent Oaks Trail', '055-413-5897', 'ifavill5b@hhs.gov'),
('66019613', 'Jillana', '94 Bowman Circle', '057-308-5909', 'jbohills36@chicagotribune.com'),
('666053344', 'Elke', '09 Arapahoe Junction', '058-759-9179', 'ehedlestone2z@about.com'),
('667378468', 'Viviene', '01990 Sommers Hill', '050-289-9222', 'vdarnborough35@xinhuanet.com'),
('668729236', 'Sapphire', '2 Graceland Point', '053-701-4666', 'snichols4m@slate.com'),
('671089616', 'Ced', '36 Maywood Avenue', '059-394-5379', 'cardend@wikipedia.org'),
('671159683', 'Clevey', '0467 Division Court', '052-929-1577', 'cnewport4j@ed.gov'),
('677480141', 'Henrieta', '21255 Briar Crest Plaza', '054-021-5781', 'hdohrmann4h@samsung.com'),
('693874422', 'Lora', '82 Dennis Lane', '052-832-9082', 'lcasarino13@cisco.com'),
('701202160', 'Mychal', '77 Butterfield Street', '056-210-8286', 'mdizlie4t@wired.com'),
('710775325', 'Tomkin', '052 Cardinal Place', '056-555-0199', 'tstrothers8@upenn.edu'),
('711738046', 'Lyndel', '71 Stoughton Plaza', '056-007-1726', 'lograda7@jiathis.com'),
('71419813', 'Lemuel', '32147 Elka Plaza', '051-604-9535', 'lcaddens5c@amazon.co.jp'),
('721230844', 'Adelind', '6 Eastlawn Junction', '050-326-7229', 'aseaking1h@ucla.edu'),
('738328922', 'Lorrin', '07 Independence Road', '054-403-1781', 'ldownham5@google.com'),
('753466769', 'Andriette', '54 Holmberg Hill', '057-298-1465', 'aralph4p@discovery.com'),
('757307558', 'Ysabel', '316 Aberg Center', '054-829-0780', 'yvlies2t@nps.gov'),
('75808550', 'Cyril', '25893 Golf Center', '056-337-0092', 'cwitling0@wikimedia.org'),
('760637681', 'Brewer', '625 Green Avenue', '053-195-4783', 'balbany4w@hao123.com'),
('76065597', 'Chris', '95320 Leroy Trail', '052-249-2561', 'ctrenchard4r@goo.ne.jp'),
('764993362', 'Darcey', '0629 Ridgeway Lane', '058-396-7714', 'ddarrigo1x@paypal.com'),
('771097726', 'Alexia', '381 Myrtle Pass', '050-875-7222', 'aesselin12@yolasite.com'),
('773880066', 'Wilek', '71637 Derek Trail', '059-895-8061', 'wglasscoo1l@senate.gov'),
('775142603', 'Coleman', '8888 Division Plaza', '054-860-7574', 'cbroadis1g@istockphoto.com'),
('77604807', 'Dedra', '3544 8th Street', '057-145-1117', 'dsmithe3x@addtoany.com'),
('777345722', 'Toma', '3 Barnett Lane', '053-707-6774', 'tkestell1f@nationalgeographic.com'),
('778269607', 'Malachi', '00985 Mandrake Court', '051-487-0927', 'mscaplehorn4v@discovery.com'),
('781371014', 'Madelin', '77 Crowley Drive', '058-521-4804', 'mbagniuk32@slideshare.net'),
('789569001', 'Pet', '78239 Toban Center', '050-330-6474', 'pfordu@yellowpages.com'),
('793998224', 'Palm', '60 Calypso Alley', '057-265-2360', 'pwateridge15@theatlantic.com'),
('802669465', 'Lorri', '76762 Schlimgen Pass', '059-397-5353', 'lbranthwaite4s@wsj.com'),
('809511223', 'Rodrick', '83 Lake View Park', '055-640-2923', 'rloughney5g@webs.com'),
('819427713', 'Woody', '79161 Arizona Parkway', '056-884-6570', 'wrappr@google.com.br'),
('824428004', 'Dean', '29303 Loftsgordon Place', '055-647-5832', 'dsainsburybrown33@eventbrite.com'),
('828263651', 'Mabelle', '009 Arkansas Plaza', '059-317-2959', 'mtrevorrow3a@xing.com'),
('836910457', 'Georgia', '9517 Portage Circle', '059-803-5916', 'gchucks3q@odnoklassniki.ru'),
('839592323', 'Kylila', '911 West Pass', '054-580-5883', 'kpleace1q@booking.com'),
('845490264', 'Perry', '47 Ludington Terrace', '053-055-8764', 'pscurrey2w@ebay.co.uk'),
('848488791', 'Trumaine', '3070 Monterey Junction', '057-926-2381', 'tsearsby1u@dagondesign.com'),
('851998616', 'Wiley', '61093 Boyd Parkway', '053-359-5219', 'wlinsley10@ca.gov'),
('852789812', 'Lilia', '132 Eastwood Hill', '059-950-1707', 'lpfleger3w@bigcartel.com'),
('857245044', 'Tommi', '882 Fair Oaks Plaza', '052-973-8318', 'tbock4z@chronoengine.com'),
('858729129', 'Bailey', '3403 Blackbird Pass', '056-641-5333', 'bmcgunleyj@jiathis.com'),
('861529450', 'Karlie', '9 Longview Avenue', '051-866-4810', 'kertelt3u@china.com.cn'),
('861635578', 'Jodi', '611 Redwing Way', '054-108-8466', 'jtrehearne2y@hibu.com'),
('870752201', 'Barbi', '833 Center Pass', '058-674-4548', 'bgaucher2x@craigslist.org'),
('871105193', 'Quintin', '927 Northwestern Street', '050-824-0925', 'qcopperwaite31@tumblr.com'),
('871966784', 'Beilul', '232 Heath Crossing', '057-749-7685', 'bmulvenna55@paginegialle.it'),
('878628273', 'Ferne', '38 Mayer Center', '055-313-1604', 'fpetrussi3s@gravatar.com'),
('885228783', 'Gilles', '869 Sutherland Street', '059-805-0711', 'gmaccarter3i@squidoo.com'),
('886175734', 'Kendra', '10186 Basil Alley', '056-401-8593', 'kdedoni@go.com'),
('886545968', 'Mateo', '9261 Knutson Avenue', '051-574-5133', 'mcarwardine4u@woothemes.com'),
('89473194', 'Ransom', '032 Shasta Street', '059-418-0950', 'rfrank20@umn.edu'),
('903015731', 'Fairlie', '91 Stone Corner Way', '052-602-5453', 'fsanz1c@studiopress.com'),
('906226351', 'Andrew', '85 Helena Circle', '059-656-8939', 'arozanski17@vkontakte.ru'),
('908213685', 'Tabor', '948 Heath Plaza', '056-304-6684', 'tbarrus2s@pinterest.com'),
('910041616', 'Kath', '8153 Pond Hill', '052-800-4386', 'kgeldeford34@sun.com'),
('911138794', 'Barb', '99 Algoma Street', '056-844-4974', 'bmcmichell2u@wikipedia.org'),
('911161114', 'Gamaliel', '2 Warbler Trail', '057-535-0302', 'ganfrey4x@moonfruit.com'),
('922633104', 'Micheil', '8 Fordem Parkway', '055-140-2012', 'mpenning28@xing.com'),
('92464845', 'Orran', '31 Sunbrook Way', '055-456-4072', 'othreadkell1n@state.tx.us'),
('932693667', 'Barrie', '5345 Pierstorff Center', '051-723-4097', 'bkonig27@sohu.com'),
('947230028', 'Chucho', '8117 4th Drive', '050-567-0650', 'cvonoertzen3k@arstechnica.com'),
('957308461', 'Dolley', '1 Fremont Road', '051-702-3628', 'dloughhead1m@github.com'),
('960207441', 'Alister', '4 Hauk Alley', '054-088-8510', 'aminghi3e@discovery.com'),
('970715686', 'Timothea', '26878 Luster Crossing', '052-146-2035', 'tcremins4f@blogs.com'),
('971168710', 'Hyacinthie', '5 Clarendon Street', '055-546-6590', 'hfarndon5f@squarespace.com'),
('972195432', 'Steffen', '85121 Ridgeway Avenue', '056-525-7031', 'soshevlin3o@techcrunch.com'),
('974282882', 'Millard', '30 Darwin Way', '057-457-7744', 'mwinsley1k@sciencedirect.com'),
('976825155', 'Lucie', '7 Twin Pines Way', '050-466-7919', 'lmarcos5a@telegraph.co.uk'),
('987744930', 'Latisha', '3709 Blaine Court', '053-127-2654', 'lstuckes3c@creativecommons.org'),
('990082798', 'Gayle', '0 Waubesa Place', '057-415-1332', 'gpietrasik2h@feedburner.com'),
('992781160', 'Salvador', '2165 Eastwood Pass', '051-276-1800', 'sreveland9@baidu.com'),
('993889395', 'Georgina', '1 Prentice Terrace', '057-474-8765', 'gcollcott4b@about.me'),
('994293863', 'Nari', '85 Reinke Point', '055-651-7437', 'nveall18@theatlantic.com'),
('99499204', 'Fayre', '62703 Hazelcrest Drive', '050-511-8866', 'fcone2@pcworld.com');

-- --------------------------------------------------------

--
-- Table structure for table `deposit`
--

CREATE TABLE `deposit` (
  `Deposit_ID` varchar(50) NOT NULL CHECK (`Deposit_ID` >= 0),
  `Deposit_Date` date DEFAULT NULL,
  `Amount` decimal(10,2) DEFAULT NULL,
  `Account_Number` varchar(50) DEFAULT NULL,
  `Interest_Rate_ID` varchar(50) NOT NULL,
  `Bank_ID` varchar(50) DEFAULT NULL,
  `Worker_ID` varchar(50) DEFAULT NULL
) ENGINE=InnoDB DEFAULT CHARSET=utf8mb4 COLLATE=utf8mb4_general_ci;

--
-- Dumping data for table `deposit`
--

INSERT INTO `deposit` (`Deposit_ID`, `Deposit_Date`, `Amount`, `Account_Number`, `Interest_Rate_ID`, `Bank_ID`, `Worker_ID`) VALUES
('001', '1915-05-11', 37622.00, '100', '040', '3202', '9749'),
('002', '1930-09-20', 19804.00, '023', '074', '3722', '8820'),
('003', '1979-08-08', 56874.00, '012', '018', '6417', '4544'),
('004', '1926-06-10', 19747.00, '096', '135', '9692', '5991'),
('005', '2016-09-11', 63332.00, '053', '168', '9957', '9972'),
('006', '2002-08-07', 88011.00, '011', '187', '5919', '8730'),
('007', '1966-09-01', 58766.00, '076', '036', '2376', '5422'),
('008', '1940-09-30', 76032.00, '170', '073', '7364', '3806'),
('009', '1965-07-24', 68587.00, '105', '192', '6610', '2471'),
('010', '2024-12-29', 58268.00, '178', '093', '0277', '4374'),
('011', '1942-01-23', 41028.00, '117', '008', '6221', '1004'),
('012', '1936-09-14', 87349.00, '193', '100', '1736', '1250'),
('013', '1998-04-22', 18102.00, '049', '180', '3155', '2471'),
('014', '1980-03-01', 68994.00, '153', '024', '5742', '8693'),
('015', '2005-08-18', 60630.00, '089', '170', '0212', '956'),
('016', '1958-07-22', 59496.00, '108', '096', '3237', '5864'),
('017', '1911-12-22', 30704.00, '043', '193', '7030', '7735'),
('018', '2001-03-19', 69474.00, '101', '120', '6753', '7735'),
('019', '1990-03-10', 97037.00, '069', '135', '0212', '1312'),
('020', '1987-12-02', 1215.00, '098', '173', '9806', '722'),
('021', '2016-04-13', 59811.00, '127', '078', '8300', '713'),
('022', '1916-12-25', 66493.00, '065', '014', '8769', '4887'),
('023', '1943-05-12', 46775.00, '031', '090', '0925', '472'),
('024', '1900-07-29', 29856.00, '024', '071', '6518', '8630'),
('025', '1926-11-28', 17721.00, '156', '007', '0758', '6223'),
('026', '2016-03-08', 15431.00, '187', '067', '8245', '1705'),
('027', '1916-02-16', 13092.00, '193', '120', '1736', '7735'),
('028', '1934-02-14', 58878.00, '079', '047', '6844', '776'),
('029', '1947-01-24', 78692.00, '162', '179', '2905', '4723'),
('030', '1997-05-30', 99921.00, '146', '145', '2348', '2014'),
('031', '1967-11-09', 3448.00, '007', '081', '3396', '472'),
('032', '1937-12-17', 3506.00, '106', '041', '7844', '3419'),
('033', '1958-05-03', 83400.00, '031', '169', '0925', '3479'),
('034', '1900-04-26', 91901.00, '093', '106', '0277', '5823'),
('035', '1972-09-27', 11801.00, '035', '062', '5555', '6334'),
('036', '2013-07-02', 27708.00, '023', '008', '3722', '9404'),
('037', '1999-05-28', 33097.00, '159', '177', '3084', '5864'),
('038', '1909-12-17', 34823.00, '110', '166', '9672', '8845'),
('039', '2011-12-20', 54884.00, '103', '006', '2905', '8174'),
('040', '1928-09-29', 95558.00, '196', '048', '0877', '218'),
('041', '1903-01-19', 5604.00, '044', '028', '9767', '6767'),
('042', '1931-04-12', 46707.00, '059', '033', '0758', '5307'),
('043', '1929-05-17', 52109.00, '110', '196', '9672', '1159'),
('044', '1920-10-05', 83159.00, '105', '082', '6610', '3267'),
('045', '1947-08-28', 47288.00, '157', '065', '9827', '9416'),
('046', '2009-11-08', 96931.00, '132', '077', '2009', '6767'),
('047', '1996-10-10', 87260.00, '003', '166', '2372', '9771'),
('048', '1950-08-22', 53468.00, '114', '182', '0527', '7187'),
('049', '1990-02-27', 95234.00, '158', '151', '3459', '8330'),
('050', '2021-10-10', 70861.00, '001', '166', '6610', '2307'),
('051', '1959-09-15', 66786.00, '074', '026', '2784', '1990'),
('052', '1996-04-20', 95684.00, '053', '175', '9957', '8379'),
('053', '1981-02-18', 62069.00, '108', '037', '3237', '8693'),
('054', '1952-01-05', 99820.00, '194', '178', '0758', '8065'),
('055', '1980-01-12', 94330.00, '057', '185', '3722', '1159'),
('056', '1993-01-24', 83298.00, '041', '147', '0212', '1159'),
('057', '2001-07-09', 72243.00, '049', '125', '3155', '6325'),
('058', '1901-06-24', 379.00, '038', '149', '9692', '8769'),
('059', '1976-10-25', 13971.00, '121', '161', '1303', '9187'),
('060', '1923-07-04', 10492.00, '173', '161', '9761', '2169'),
('061', '1925-05-28', 73014.00, '162', '004', '2905', '7187'),
('062', '1999-05-23', 36614.00, '139', '072', '8028', '6334'),
('063', '2005-05-17', 35771.00, '077', '102', '4395', '7496'),
('064', '2013-09-25', 25238.00, '008', '140', '1736', '251'),
('065', '1975-11-05', 56029.00, '012', '030', '6417', '5307'),
('066', '1924-10-28', 91695.00, '008', '057', '1736', '8330'),
('067', '1969-09-22', 46311.00, '074', '060', '2784', '713'),
('068', '1995-02-17', 89269.00, '001', '169', '6610', '4887'),
('069', '2012-12-08', 16073.00, '034', '064', '3496', '4374'),
('070', '2006-05-20', 11078.00, '183', '055', '5720', '9749'),
('071', '1949-07-28', 24233.00, '111', '078', '2361', '6264'),
('072', '1914-08-12', 60061.00, '131', '105', '9961', '5991'),
('073', '1983-03-09', 42441.00, '169', '129', '9957', '8379'),
('074', '2014-12-26', 58550.00, '134', '090', '5376', '7550'),
('075', '1919-01-02', 26189.00, '091', '125', '9938', '9749'),
('076', '1933-06-30', 8002.00, '059', '122', '0758', '3272'),
('077', '1931-10-02', 85314.00, '176', '050', '5811', '7697'),
('078', '1904-05-14', 8527.00, '105', '180', '6610', '6347'),
('079', '1964-04-10', 82135.00, '159', '199', '3084', '2177'),
('080', '1946-03-29', 53118.00, '138', '043', '3361', '6264'),
('081', '1937-09-19', 64687.00, '109', '140', '6576', '4407'),
('082', '1933-05-28', 83255.00, '093', '147', '0277', '2977'),
('083', '2020-07-30', 40581.00, '134', '042', '5376', '3536'),
('084', '1994-12-10', 30068.00, '085', '069', '9592', '6347'),
('085', '1993-09-14', 92549.00, '132', '190', '2009', '3272'),
('086', '1975-12-14', 31919.00, '152', '134', '5720', '9770'),
('087', '2015-10-10', 34194.00, '009', '088', '9859', '1312'),
('088', '1912-02-26', 67533.00, '128', '157', '4303', '3441'),
('089', '1937-04-03', 60397.00, '154', '141', '2082', '9581'),
('090', '1966-06-14', 40217.00, '143', '058', '9892', '5058'),
('091', '1975-11-14', 94028.00, '031', '106', '0925', '5603'),
('092', '1916-03-08', 98700.00, '095', '078', '6284', '2307'),
('093', '1953-04-02', 3652.00, '098', '121', '9806', '2307'),
('094', '1904-07-01', 53529.00, '186', '125', '9761', '5448'),
('095', '1913-11-12', 26737.00, '027', '095', '1800', '4076'),
('096', '1985-10-16', 3239.00, '016', '006', '2568', '1312'),
('097', '1953-09-17', 92108.00, '138', '168', '3361', '3244'),
('098', '2010-10-02', 94615.00, '077', '077', '4395', '5030'),
('099', '1903-07-25', 83266.00, '173', '133', '9761', '6291'),
('100', '1998-08-09', 17989.00, '160', '124', '1736', '3044'),
('101', '1906-06-01', 11289.00, '175', '165', '3203', '6325'),
('102', '2005-03-10', 57606.00, '023', '004', '3722', '8730'),
('103', '2023-01-09', 89775.00, '007', '092', '3396', '7252'),
('104', '1956-12-09', 43484.00, '099', '135', '4620', '1234'),
('105', '2021-08-05', 93444.00, '160', '065', '1736', '9091'),
('106', '1965-05-06', 64119.00, '141', '104', '9022', '5707'),
('107', '1940-03-08', 82020.00, '191', '198', '2905', '8566'),
('108', '1923-06-29', 16564.00, '160', '032', '1736', '521'),
('109', '1970-07-24', 28851.00, '020', '033', '9957', '2482'),
('110', '2015-10-05', 74378.00, '159', '117', '3084', '6367'),
('111', '2001-01-17', 82882.00, '197', '127', '8060', '4407'),
('112', '1912-08-15', 15458.00, '098', '074', '9806', '9771'),
('113', '1941-12-26', 38244.00, '083', '140', '4620', '9404'),
('114', '1989-01-10', 56548.00, '194', '160', '0758', '8272'),
('115', '2014-09-02', 89463.00, '138', '097', '3361', '3578'),
('116', '1946-12-17', 13077.00, '080', '021', '6284', '6347'),
('117', '1996-03-12', 15353.00, '087', '153', '9104', '9976'),
('118', '1922-09-09', 30825.00, '165', '029', '4303', '1490'),
('119', '1926-02-11', 90882.00, '106', '077', '7844', '8902'),
('120', '1970-11-27', 96679.00, '008', '063', '1736', '6964'),
('121', '1969-01-26', 54924.00, '174', '076', '6917', '9091'),
('122', '1953-11-15', 21345.00, '154', '050', '2082', '6347'),
('123', '1932-12-16', 20885.00, '020', '073', '9957', '9749'),
('124', '1975-02-04', 27642.00, '041', '008', '0212', '5735'),
('125', '1945-02-12', 66061.00, '088', '086', '8669', '4870'),
('126', '1919-04-26', 68594.00, '030', '097', '3632', '3267'),
('127', '1973-09-07', 60363.00, '116', '053', '2348', '776'),
('128', '2007-08-17', 23771.00, '003', '096', '2372', '3630'),
('129', '1926-10-05', 33305.00, '143', '181', '9892', '6367'),
('130', '1960-03-19', 77774.00, '088', '058', '8669', '6248'),
('131', '1941-06-15', 44058.00, '121', '010', '1303', '1378'),
('132', '1993-12-03', 8373.00, '093', '111', '0277', '8598'),
('133', '1988-03-04', 28610.00, '125', '132', '6417', '251'),
('134', '1998-08-09', 4436.00, '032', '143', '8060', '6264'),
('135', '1953-04-22', 93030.00, '010', '184', '2348', '4953'),
('136', '1953-10-22', 85294.00, '062', '144', '4733', '9350'),
('137', '1912-02-20', 96215.00, '067', '097', '0957', '3419'),
('138', '1959-07-30', 7714.00, '110', '122', '9672', '6767'),
('139', '1983-09-15', 89833.00, '056', '121', '9022', '1145'),
('140', '1910-12-04', 67155.00, '092', '009', '8769', '8015'),
('141', '1923-08-19', 29385.00, '048', '094', '2376', '2561'),
('142', '1972-06-01', 33594.00, '134', '108', '5376', '1990'),
('143', '1923-04-20', 36924.00, '117', '049', '6221', '5058'),
('144', '2012-03-02', 5239.00, '022', '049', '1875', '9770'),
('145', '1969-12-23', 33092.00, '160', '157', '1736', '5875'),
('146', '2008-08-16', 25962.00, '134', '198', '5376', '3289'),
('147', '1978-07-12', 90473.00, '081', '055', '1039', '1145'),
('148', '1973-07-05', 43783.00, '182', '112', '5249', '3806'),
('149', '2001-03-30', 19927.00, '191', '186', '2905', '1753'),
('150', '1997-11-22', 1481.00, '159', '026', '3084', '776'),
('151', '1996-03-20', 41502.00, '114', '071', '0527', '8379'),
('152', '1959-08-31', 48858.00, '035', '045', '5555', '5709'),
('153', '1961-05-19', 17883.00, '196', '022', '0877', '3066'),
('154', '2019-10-09', 65911.00, '153', '192', '5742', '9771'),
('155', '1914-12-05', 24248.00, '111', '130', '2361', '142'),
('156', '2014-10-09', 42632.00, '086', '085', '5694', '3272'),
('157', '1951-09-02', 78131.00, '138', '172', '3361', '1070'),
('158', '1951-10-12', 94086.00, '054', '106', '7697', '4870'),
('159', '2002-05-03', 67618.00, '066', '057', '1551', '5735'),
('160', '1921-07-30', 7440.00, '058', '108', '5376', '5864'),
('161', '1946-07-23', 58483.00, '020', '082', '9957', '1010'),
('162', '1986-05-05', 43512.00, '185', '056', '4566', '2561'),
('163', '1907-08-14', 69801.00, '080', '115', '6284', '8630'),
('164', '1985-08-20', 10963.00, '049', '178', '3155', '521'),
('165', '1999-07-01', 23997.00, '156', '008', '0758', '5991'),
('166', '1920-03-27', 22462.00, '007', '165', '3396', '2169'),
('167', '1932-02-18', 68398.00, '036', '084', '0751', '5864'),
('168', '1992-06-30', 43703.00, '032', '176', '8060', '5504'),
('169', '1986-08-06', 49991.00, '056', '147', '9022', '7252'),
('170', '0000-00-00', 87400.00, '052', '124', '2082', '6370'),
('171', '1929-12-20', 98788.00, '178', '001', '0277', '5603'),
('172', '1986-06-21', 53051.00, '137', '025', '2768', '3066'),
('173', '1969-01-19', 34713.00, '069', '174', '0212', '9640'),
('174', '1973-11-27', 1723.00, '015', '094', '8738', '5991'),
('175', '2016-10-27', 82045.00, '187', '012', '8245', '142'),
('176', '1902-03-31', 4420.00, '069', '158', '0212', '3441'),
('177', '1998-08-25', 29050.00, '167', '013', '9761', '5431'),
('178', '2009-09-22', 48086.00, '050', '195', '0669', '6168'),
('179', '1949-05-31', 60342.00, '115', '039', '0957', '218'),
('180', '1920-04-27', 99224.00, '018', '037', '1303', '251'),
('181', '1945-12-19', 68811.00, '104', '092', '2440', '707'),
('182', '2024-09-01', 49892.00, '158', '099', '3459', '9091'),
('183', '1921-01-17', 2573.00, '161', '146', '1800', '5991'),
('184', '2010-11-06', 31930.00, '038', '060', '9692', '2169'),
('185', '2023-12-31', 51532.00, '063', '139', '3118', '6347'),
('186', '1943-08-15', 24092.00, '165', '126', '4303', '4886'),
('187', '1983-03-21', 35842.00, '023', '010', '3722', '3009'),
('188', '1937-03-25', 74001.00, '031', '173', '0925', '2833'),
('189', '1903-10-31', 34192.00, '165', '075', '4303', '5603'),
('190', '1910-10-19', 57044.00, '103', '101', '2905', '8630'),
('191', '1981-10-29', 19493.00, '177', '012', '8537', '472'),
('192', '1929-06-09', 31175.00, '130', '051', '9132', '2482'),
('193', '1949-05-20', 40827.00, '101', '110', '6753', '4870'),
('194', '1987-05-06', 67925.00, '188', '157', '0800', '1753'),
('195', '1982-07-02', 67519.00, '070', '110', '8199', '3244'),
('196', '1972-08-08', 32441.00, '195', '103', '3255', '1159'),
('197', '1984-11-06', 59761.00, '001', '139', '6610', '385'),
('198', '1923-08-22', 95.00, '166', '142', '3411', '9256'),
('199', '2011-03-08', 42471.00, '139', '058', '8028', '521');

-- --------------------------------------------------------

--
-- Table structure for table `interest_rate`
--

CREATE TABLE `interest_rate` (
  `Interest_Rate_ID` varchar(50) NOT NULL CHECK (`Interest_Rate_ID` >= 0),
  `Benefits` varchar(255) DEFAULT NULL CHECK (`Benefits` = 'None' or `Benefits` = 'Long-Term Customer' or `Benefits` = 'Soldier' or `Benefits` = 'Student'),
  `TYPE` varchar(50) DEFAULT NULL CHECK (`TYPE` = 'Short-term' or `TYPE` = 'Long-term'),
  `Prime` decimal(10,2) DEFAULT NULL CHECK (`Prime` >= 0),
  `Interest` decimal(10,2) DEFAULT NULL CHECK (`Interest` >= 0)
) ENGINE=InnoDB DEFAULT CHARSET=utf8mb4 COLLATE=utf8mb4_general_ci;

--
-- Dumping data for table `interest_rate`
--

INSERT INTO `interest_rate` (`Interest_Rate_ID`, `Benefits`, `TYPE`, `Prime`, `Interest`) VALUES
('001', 'Long-Term Customer', 'Long-term', 6.91, 4.14),
('002', 'Student', 'Long-term', 1.59, 1.28),
('003', 'None', 'Long-term', 6.55, 5.14),
('004', 'Long-Term Customer', 'Short-term', 4.25, 9.26),
('005', 'None', 'Short-term', 3.89, 9.11),
('006', 'None', 'Long-term', 6.16, 5.08),
('007', 'Soldier', 'Short-term', 8.05, 9.73),
('008', 'Soldier', 'Long-term', 3.80, 6.25),
('009', 'Student', 'Long-term', 2.46, 1.08),
('010', 'Student', 'Long-term', 5.08, 8.05),
('011', 'Soldier', 'Long-term', 5.24, 0.65),
('012', 'Long-Term Customer', 'Short-term', 4.61, 7.43),
('013', 'Student', 'Short-term', 6.38, 8.83),
('014', 'Student', 'Long-term', 2.19, 2.68),
('015', 'Student', 'Long-term', 6.98, 0.16),
('016', 'Soldier', 'Short-term', 6.20, 1.73),
('017', 'Student', 'Long-term', 8.79, 0.51),
('018', 'Student', 'Short-term', 3.49, 5.82),
('019', 'None', 'Long-term', 1.23, 8.38),
('020', 'Soldier', 'Long-term', 9.93, 3.48),
('021', 'Long-Term Customer', 'Short-term', 4.45, 2.22),
('022', 'Student', 'Long-term', 9.42, 2.89),
('023', 'Soldier', 'Short-term', 2.70, 2.24),
('024', 'Student', 'Long-term', 6.63, 7.02),
('025', 'Student', 'Short-term', 2.12, 0.02),
('026', 'Long-Term Customer', 'Short-term', 4.19, 1.54),
('027', 'None', 'Short-term', 9.12, 2.17),
('028', 'None', 'Short-term', 8.18, 8.75),
('029', 'None', 'Short-term', 3.97, 0.08),
('030', 'Student', 'Short-term', 7.47, 0.28),
('031', 'Soldier', 'Short-term', 2.63, 7.36),
('032', 'Soldier', 'Short-term', 7.64, 1.64),
('033', 'Soldier', 'Long-term', 3.07, 5.80),
('034', 'Student', 'Long-term', 9.92, 7.28),
('035', 'Long-Term Customer', 'Short-term', 2.64, 8.22),
('036', 'Long-Term Customer', 'Short-term', 7.34, 6.14),
('037', 'Long-Term Customer', 'Long-term', 5.58, 5.05),
('038', 'Long-Term Customer', 'Long-term', 5.07, 6.30),
('039', 'Soldier', 'Short-term', 0.55, 7.26),
('040', 'Student', 'Long-term', 4.06, 6.28),
('041', 'None', 'Short-term', 2.68, 4.93),
('042', 'Soldier', 'Short-term', 4.49, 4.10),
('043', 'Soldier', 'Long-term', 0.07, 6.01),
('044', 'None', 'Short-term', 5.67, 0.99),
('045', 'None', 'Short-term', 8.83, 7.30),
('046', 'Long-Term Customer', 'Long-term', 6.09, 0.30),
('047', 'Student', 'Long-term', 4.77, 4.84),
('048', 'Long-Term Customer', 'Short-term', 1.87, 0.24),
('049', 'Soldier', 'Short-term', 2.24, 3.78),
('050', 'Soldier', 'Long-term', 7.89, 1.85),
('051', 'Soldier', 'Long-term', 4.53, 3.21),
('052', 'None', 'Short-term', 5.15, 7.98),
('053', 'Long-Term Customer', 'Long-term', 3.49, 7.27),
('054', 'Long-Term Customer', 'Long-term', 5.82, 1.17),
('055', 'Student', 'Short-term', 7.56, 8.87),
('056', 'Soldier', 'Short-term', 9.91, 4.10),
('057', 'Soldier', 'Long-term', 5.09, 4.89),
('058', 'Student', 'Short-term', 2.22, 4.97),
('059', 'Student', 'Long-term', 6.81, 1.97),
('060', 'Long-Term Customer', 'Long-term', 6.45, 1.83),
('061', 'Student', 'Long-term', 3.04, 7.38),
('062', 'Student', 'Short-term', 4.11, 5.12),
('063', 'Long-Term Customer', 'Long-term', 8.40, 8.77),
('064', 'Soldier', 'Long-term', 1.92, 1.02),
('065', 'Student', 'Long-term', 1.13, 8.43),
('066', 'None', 'Short-term', 5.45, 3.97),
('067', 'Soldier', 'Long-term', 1.49, 8.00),
('068', 'Long-Term Customer', 'Long-term', 2.97, 4.57),
('069', 'Soldier', 'Long-term', 1.74, 7.89),
('070', 'Student', 'Short-term', 1.48, 9.28),
('071', 'Long-Term Customer', 'Long-term', 9.67, 7.80),
('072', 'Student', 'Short-term', 8.67, 4.80),
('073', 'None', 'Long-term', 4.46, 4.38),
('074', 'None', 'Long-term', 6.94, 0.38),
('075', 'Long-Term Customer', 'Short-term', 6.24, 5.14),
('076', 'None', 'Short-term', 8.92, 7.86),
('077', 'Soldier', 'Long-term', 3.41, 9.57),
('078', 'Long-Term Customer', 'Short-term', 2.35, 2.36),
('079', 'Soldier', 'Short-term', 3.02, 4.44),
('080', 'Student', 'Short-term', 6.58, 0.71),
('081', 'Long-Term Customer', 'Short-term', 5.99, 6.78),
('082', 'Student', 'Long-term', 4.73, 0.19),
('083', 'Long-Term Customer', 'Short-term', 2.86, 6.80),
('084', 'Student', 'Long-term', 0.48, 3.25),
('085', 'None', 'Short-term', 6.90, 2.76),
('086', 'Long-Term Customer', 'Long-term', 3.14, 1.04),
('087', 'Long-Term Customer', 'Short-term', 3.42, 9.58),
('088', 'Long-Term Customer', 'Long-term', 1.43, 8.01),
('089', 'Long-Term Customer', 'Short-term', 6.91, 2.26),
('090', 'None', 'Long-term', 4.75, 4.25),
('091', 'Student', 'Long-term', 6.29, 9.31),
('092', 'Long-Term Customer', 'Short-term', 1.49, 5.65),
('093', 'Soldier', 'Long-term', 9.48, 3.78),
('094', 'None', 'Long-term', 3.24, 8.50),
('095', 'Long-Term Customer', 'Short-term', 3.46, 3.37),
('096', 'Student', 'Short-term', 5.71, 4.72),
('097', 'Soldier', 'Long-term', 10.00, 6.13),
('098', 'Soldier', 'Short-term', 7.12, 7.18),
('099', 'Soldier', 'Short-term', 7.13, 9.99),
('100', 'None', 'Short-term', 7.13, 5.27),
('101', 'None', 'Long-term', 8.00, 5.75),
('102', 'None', 'Short-term', 9.08, 6.08),
('103', 'Long-Term Customer', 'Long-term', 0.00, 5.21),
('104', 'None', 'Short-term', 7.37, 9.14),
('105', 'Student', 'Short-term', 6.86, 6.10),
('106', 'Long-Term Customer', 'Short-term', 9.20, 1.55),
('107', 'Long-Term Customer', 'Long-term', 5.58, 2.72),
('108', 'None', 'Long-term', 7.32, 0.72),
('109', 'Long-Term Customer', 'Short-term', 0.94, 6.73),
('110', 'Soldier', 'Short-term', 1.46, 7.78),
('111', 'Long-Term Customer', 'Long-term', 4.30, 5.60),
('112', 'None', 'Short-term', 9.19, 2.76),
('113', 'Student', 'Short-term', 2.46, 3.64),
('114', 'Soldier', 'Short-term', 4.77, 5.39),
('115', 'Soldier', 'Short-term', 7.28, 5.66),
('116', 'None', 'Short-term', 7.90, 4.20),
('117', 'Long-Term Customer', 'Long-term', 3.35, 2.15),
('118', 'None', 'Long-term', 6.25, 3.89),
('119', 'Student', 'Short-term', 6.32, 5.83),
('120', 'Long-Term Customer', 'Long-term', 7.26, 6.77),
('121', 'Student', 'Long-term', 7.45, 2.84),
('122', 'Student', 'Short-term', 5.77, 7.15),
('123', 'Long-Term Customer', 'Short-term', 9.63, 4.49),
('124', 'Long-Term Customer', 'Short-term', 7.43, 3.58),
('125', 'Long-Term Customer', 'Short-term', 9.38, 9.77),
('126', 'Long-Term Customer', 'Long-term', 1.18, 8.61),
('127', 'Long-Term Customer', 'Short-term', 0.70, 4.79),
('128', 'Student', 'Long-term', 9.04, 6.73),
('129', 'Soldier', 'Long-term', 1.88, 7.09),
('130', 'Student', 'Long-term', 3.71, 1.14),
('131', 'Student', 'Long-term', 9.03, 1.10),
('132', 'None', 'Long-term', 3.08, 5.53),
('133', 'Soldier', 'Short-term', 6.15, 6.49),
('134', 'Soldier', 'Long-term', 7.55, 8.26),
('135', 'Soldier', 'Long-term', 8.18, 5.30),
('136', 'Soldier', 'Short-term', 2.36, 0.51),
('137', 'Student', 'Short-term', 9.91, 1.16),
('138', 'Long-Term Customer', 'Short-term', 9.00, 6.05),
('139', 'None', 'Long-term', 6.49, 6.94),
('140', 'Soldier', 'Long-term', 5.10, 0.59),
('141', 'Long-Term Customer', 'Short-term', 8.24, 4.48),
('142', 'Student', 'Short-term', 2.92, 3.57),
('143', 'Long-Term Customer', 'Short-term', 3.72, 2.65),
('144', 'Student', 'Short-term', 3.69, 0.98),
('145', 'Long-Term Customer', 'Short-term', 5.81, 5.64),
('146', 'Student', 'Long-term', 3.36, 9.56),
('147', 'None', 'Long-term', 9.63, 4.46),
('148', 'None', 'Short-term', 9.21, 3.23),
('149', 'Student', 'Short-term', 0.91, 2.32),
('150', 'None', 'Long-term', 1.05, 6.56),
('151', 'Long-Term Customer', 'Long-term', 1.00, 0.39),
('152', 'Soldier', 'Short-term', 1.63, 3.42),
('153', 'Student', 'Long-term', 2.13, 7.21),
('154', 'Long-Term Customer', 'Long-term', 8.08, 2.83),
('155', 'Student', 'Short-term', 0.10, 2.98),
('156', 'Soldier', 'Short-term', 0.33, 5.40),
('157', 'Student', 'Long-term', 6.41, 1.21),
('158', 'Soldier', 'Long-term', 1.64, 6.06),
('159', 'Student', 'Short-term', 9.09, 9.97),
('160', 'Soldier', 'Short-term', 6.28, 2.79),
('161', 'Long-Term Customer', 'Short-term', 9.67, 5.57),
('162', 'Soldier', 'Short-term', 6.39, 1.66),
('163', 'Long-Term Customer', 'Short-term', 8.71, 1.04),
('164', 'None', 'Short-term', 3.20, 6.38),
('165', 'Soldier', 'Long-term', 7.87, 0.39),
('166', 'Long-Term Customer', 'Long-term', 6.39, 9.85),
('167', 'Soldier', 'Long-term', 2.41, 0.55),
('168', 'Soldier', 'Long-term', 2.55, 4.67),
('169', 'Student', 'Long-term', 1.80, 2.45),
('170', 'None', 'Short-term', 3.15, 4.28),
('171', 'Student', 'Long-term', 7.13, 3.99),
('172', 'Long-Term Customer', 'Long-term', 4.08, 7.14),
('173', 'Long-Term Customer', 'Long-term', 9.50, 3.53),
('174', 'Long-Term Customer', 'Long-term', 7.30, 9.97),
('175', 'Student', 'Long-term', 6.41, 7.88),
('176', 'Soldier', 'Long-term', 8.65, 0.28),
('177', 'Student', 'Long-term', 1.51, 3.16),
('178', 'Student', 'Short-term', 3.40, 6.16),
('179', 'None', 'Short-term', 0.13, 7.23),
('180', 'Student', 'Long-term', 6.32, 9.67),
('181', 'None', 'Long-term', 1.28, 5.56),
('182', 'None', 'Short-term', 2.76, 7.91),
('183', 'Student', 'Short-term', 1.99, 1.61),
('184', 'None', 'Short-term', 5.25, 7.74),
('185', 'Soldier', 'Short-term', 5.47, 4.31),
('186', 'Student', 'Short-term', 9.15, 9.75),
('187', 'Soldier', 'Short-term', 4.33, 6.82),
('188', 'None', 'Short-term', 4.55, 3.84),
('189', 'Student', 'Short-term', 7.18, 2.95),
('190', 'Student', 'Long-term', 5.00, 4.41),
('191', 'None', 'Short-term', 0.46, 5.57),
('192', 'None', 'Long-term', 4.99, 0.54),
('193', 'None', 'Long-term', 8.98, 5.55),
('194', 'None', 'Long-term', 0.75, 2.96),
('195', 'None', 'Short-term', 4.40, 2.74),
('196', 'Long-Term Customer', 'Long-term', 7.95, 5.10),
('197', 'Soldier', 'Long-term', 6.39, 9.01),
('198', 'Student', 'Short-term', 3.50, 5.65),
('199', 'Soldier', 'Long-term', 6.16, 7.39),
('200', 'Student', 'Long-term', 6.11, 5.60);

-- --------------------------------------------------------

--
-- Table structure for table `worker`
--

CREATE TABLE `worker` (
  `Worker_ID` varchar(50) NOT NULL CHECK (`Worker_ID` >= 0),
  `Worker_NAME` varchar(255) DEFAULT NULL CHECK (!(`Worker_NAME` regexp '[0-9]'))
) ENGINE=InnoDB DEFAULT CHARSET=utf8mb4 COLLATE=utf8mb4_general_ci;

--
-- Dumping data for table `worker`
--

INSERT INTO `worker` (`Worker_ID`, `Worker_NAME`) VALUES
('0023', 'Deedee'),
('0131', 'Toby'),
('0142', 'Kakalina'),
('0184', 'Bob'),
('0218', 'Drake'),
('0251', 'Shawna'),
('0385', 'Enrika'),
('0472', 'Lyndsay'),
('0482', 'Isabella'),
('0521', 'Alexei'),
('0620', 'Garrick'),
('0707', 'Manya'),
('0713', 'Louisa'),
('0722', 'Grant'),
('0776', 'Bobbi'),
('0956', 'Filmer'),
('0971', 'Alano'),
('1004', 'Derk'),
('1010', 'Sioux'),
('1070', 'Meade'),
('1088', 'Vinita'),
('1126', 'Terry'),
('1145', 'Esme'),
('1159', 'Renato'),
('1170', 'Gael'),
('1228', 'Thomasine'),
('1234', 'Rubetta'),
('1250', 'Koralle'),
('1304', 'Padget'),
('1312', 'Hoyt'),
('1378', 'Angelico'),
('1414', 'Mark'),
('1461', 'Lucie'),
('1487', 'Morgen'),
('1490', 'Aharon'),
('1510', 'Murry'),
('1694', 'Rhys'),
('1705', 'Lou'),
('1753', 'Welch'),
('1990', 'Lori'),
('2014', 'Nyssa'),
('2169', 'Anatollo'),
('2177', 'Griffin'),
('2307', 'Nady'),
('2341', 'Darsie'),
('2394', 'Jerrilyn'),
('2402', 'Shell'),
('2471', 'Daven'),
('2482', 'Wilhelm'),
('2561', 'Alexia'),
('2595', 'Dulsea'),
('2795', 'Odelia'),
('2833', 'Lesli'),
('2967', 'Manda'),
('2977', 'Sharona'),
('2980', 'Nadeen'),
('3009', 'Adore'),
('3044', 'Joelly'),
('3066', 'Gal'),
('3096', 'Granville'),
('3244', 'Karisa'),
('3267', 'Bethanne'),
('3272', 'Rickey'),
('3289', 'Lorrayne'),
('3301', 'Manon'),
('3419', 'Cullie'),
('3441', 'Eulalie'),
('3479', 'Laure'),
('3536', 'Theresita'),
('3578', 'Kimble'),
('3630', 'Reinaldo'),
('3651', 'Pansie'),
('3806', 'Betsey'),
('3842', 'Brooks'),
('4076', 'Lorilee'),
('4099', 'Monique'),
('4193', 'Jordon'),
('4263', 'Margarita'),
('4374', 'Anatole'),
('4407', 'Carlen'),
('4498', 'Livvy'),
('4544', 'Paton'),
('4561', 'Sasha'),
('4609', 'Ole'),
('4680', 'Fee'),
('4723', 'Sheilah'),
('4774', 'Christina'),
('4792', 'Flory'),
('4870', 'Nata'),
('4886', 'Becky'),
('4887', 'Maurie'),
('4953', 'Raina'),
('5030', 'Petrina'),
('5058', 'Sharleen'),
('5221', 'Jesse'),
('5224', 'Orazio'),
('5249', 'Rance'),
('5307', 'Corrianne'),
('5414', 'Vinita'),
('5422', 'Lenee'),
('5431', 'Laverna'),
('5448', 'Alf'),
('5504', 'Mathe'),
('5526', 'Cynde'),
('5586', 'Mirabelle'),
('5603', 'Pasquale'),
('5642', 'Hyman'),
('5707', 'Kala'),
('5709', 'Ebba'),
('5735', 'Borg'),
('5823', 'Phillie'),
('5864', 'Jere'),
('5875', 'Arabela'),
('5945', 'Kendal'),
('5991', 'Dannye'),
('6038', 'Giles'),
('6168', 'Allister'),
('6169', 'Joby'),
('6207', 'Jorry'),
('6223', 'Lorinda'),
('6248', 'Inigo'),
('6264', 'Shanta'),
('6272', 'Melitta'),
('6291', 'Fredia'),
('6310', 'Culley'),
('6325', 'Darby'),
('6334', 'Dan'),
('6347', 'Burnaby'),
('6367', 'Sonnnie'),
('6370', 'Anneliese'),
('6422', 'Anson'),
('6609', 'Gabriellia'),
('6696', 'Carleen'),
('6719', 'Jereme'),
('6767', 'Perrine'),
('6964', 'Bobinette'),
('7187', 'Enriqueta'),
('7203', 'Malvina'),
('7246', 'Lenora'),
('7252', 'Sonya'),
('7453', 'Valentine'),
('7496', 'Brittani'),
('7550', 'Nollie'),
('7571', 'Randie'),
('7697', 'Dee dee'),
('7735', 'Nikos'),
('7829', 'Minor'),
('7985', 'Magdaia'),
('7994', 'Skippie'),
('8015', 'Merrile'),
('8065', 'Sargent'),
('8089', 'Burnaby'),
('8171', 'Eb'),
('8174', 'Loralee'),
('8212', 'Anthony'),
('8272', 'Rena'),
('8330', 'Corella'),
('8379', 'Modesty'),
('8419', 'Kip'),
('8476', 'Rik'),
('8548', 'Freddie'),
('8566', 'Ronda'),
('8598', 'Panchito'),
('8630', 'Jolene'),
('8693', 'Cindee'),
('8710', 'Ellyn'),
('8730', 'Matteo'),
('8769', 'Corry'),
('8820', 'Bradly'),
('8845', 'Jamesy'),
('8902', 'Ivory'),
('9091', 'Silvester'),
('9180', 'Patric'),
('9187', 'Che'),
('9215', 'Lyn'),
('9256', 'Bernarr'),
('9350', 'Alasteir'),
('9404', 'Elyse'),
('9416', 'Jackie'),
('9466', 'Gae'),
('9542', 'Mandy'),
('9581', 'Editha'),
('9588', 'Issiah'),
('9604', 'Cammi'),
('9640', 'Gabriell'),
('9749', 'Vinni'),
('9761', 'Hastie'),
('9770', 'Brianna'),
('9771', 'Malina'),
('9851', 'Jolie'),
('986', 'Kasper'),
('9888', 'Franzen'),
('9944', 'Pat'),
('9972', 'Ned'),
('9976', 'Julianna');

--
-- Indexes for dumped tables
--

--
-- Indexes for table `account`
--
ALTER TABLE `account`
  ADD PRIMARY KEY (`Bank_ID`,`Account_Number`),
  ADD KEY `Client_ID` (`Client_ID`);

--
-- Indexes for table `bank`
--
ALTER TABLE `bank`
  ADD PRIMARY KEY (`Bank_ID`);

--
-- Indexes for table `client`
--
ALTER TABLE `client`
  ADD PRIMARY KEY (`Client_ID`);

--
-- Indexes for table `deposit`
--
ALTER TABLE `deposit`
  ADD PRIMARY KEY (`Deposit_ID`,`Interest_Rate_ID`),
  ADD KEY `Worker_ID` (`Worker_ID`),
  ADD KEY `Bank_ID` (`Bank_ID`,`Account_Number`),
  ADD KEY `Interest_Rate_ID` (`Interest_Rate_ID`);

--
-- Indexes for table `interest_rate`
--
ALTER TABLE `interest_rate`
  ADD PRIMARY KEY (`Interest_Rate_ID`);

--
-- Indexes for table `worker`
--
ALTER TABLE `worker`
  ADD PRIMARY KEY (`Worker_ID`);

--
-- Constraints for dumped tables
--

--
-- Constraints for table `account`
--
ALTER TABLE `account`
  ADD CONSTRAINT `account_ibfk_1` FOREIGN KEY (`Client_ID`) REFERENCES `client` (`Client_ID`),
  ADD CONSTRAINT `account_ibfk_2` FOREIGN KEY (`Bank_ID`) REFERENCES `bank` (`Bank_ID`);

--
-- Constraints for table `deposit`
--
ALTER TABLE `deposit`
  ADD CONSTRAINT `deposit_ibfk_1` FOREIGN KEY (`Worker_ID`) REFERENCES `worker` (`Worker_ID`),
  ADD CONSTRAINT `deposit_ibfk_2` FOREIGN KEY (`Bank_ID`,`Account_Number`) REFERENCES `account` (`Bank_ID`, `Account_Number`),
  ADD CONSTRAINT `deposit_ibfk_3` FOREIGN KEY (`Interest_Rate_ID`) REFERENCES `interest_rate` (`Interest_Rate_ID`);
COMMIT;

/*!40101 SET CHARACTER_SET_CLIENT=@OLD_CHARACTER_SET_CLIENT */;
/*!40101 SET CHARACTER_SET_RESULTS=@OLD_CHARACTER_SET_RESULTS */;
/*!40101 SET COLLATION_CONNECTION=@OLD_COLLATION_CONNECTION */;
