id,first_name
996235566,Marietta
040346068,Frederique
698725818,Tawsha
420166944,Miranda
208615346,Ermanno
377126472,Valentino
408250114,Alexia
325155979,Michel
952369860,Olivier
859382878,Gabriella
786985327,Carolus
102564116,Marieann
997949266,Gwendolyn
845702895,Marjy
519505238,Johnath
038692787,Fleming
154606586,Broderick
908037296,Zebadiah
677483911,Wallis
165933255,Anabal
400260043,Gradey
023941163,Ichabod
313156582,Rutger
334069013,Yorke
575731095,Ronna
051439337,Fern
647927212,Lucky
518779943,Evania
818114847,Park
039502885,Nanci
055284099,Junie
491667872,Aloin
510839497,Danit
695297336,Adara
664743613,Tasha
788556126,Judie
266750647,Ashton
884487584,Ferdinand
014007484,Darrell
462557576,Tamma
895105759,Heida
238495879,Cathyleen
805137980,Velma
515170823,Filippo
057975756,Thorny
364912526,Lidia
235229853,Ameline
560004270,Margaretha
642783711,Jemie
581488719,Gilbertina
578958452,Cary
468663945,Lily
653233997,Lacy
470077312,Addison
546760572,Georgina
102525718,Jesse
534583294,Peadar
218681573,Wilek
137214463,Callida
986632441,Avrom
363978987,Erma
250633957,Lori
486025031,Liliane
349466996,Sander
753463003,Felicia
844280352,Bobbi
677585454,Whit
576372742,Auroora
759842317,Bryant
748662221,Zena
336331445,Elisha
417387525,Langsdon
627997598,Billye
873416264,Florinda
528420163,Marthena
850561790,Leighton
775978748,Joellyn
471214870,Ashbey
133842379,Clemente
694743748,Briney
665177897,Marleen
902935841,Iolande
200969877,Almire
958178016,Maurene
585863030,Osbert
358811192,Rickey
559643970,Benito
742383954,Jules
845775072,Hurley
593586830,Spike
880874133,Ignazio
020834791,Bruce
880059031,Gunter
462855374,Nev
218702329,Hetti
401230426,Fayre
637236227,Gussie
431691612,Charmine
021270408,Obie
804962137,Jamie
736031432,Fran
666652478,Rawley
697060307,Roxine
141869978,Merry
751521110,Allister
735133943,Ellissa
753233153,Andris
425731483,Nikita
322181490,Rayshell
791649495,Luis
515593619,Adrianne
992654676,Buckie
722430507,Niven
781393761,Hersh
052734783,Osborn
628912427,Shirleen
688488373,Elfie
360767990,Catherin
511905955,Latisha
996176019,Aubry
765422431,Deb
613327719,Mikol
667490742,Osbert
361547737,Kiley
588727779,Henrieta
994257163,Sherwin
946040854,Angelo
074741911,Meris
784293130,Rhoda
876221142,Jackqueline
290792005,Anitra
932383041,Lonny
646719408,Elnora
166920472,Papageno
383574922,Fredia
829984630,Leona
411510889,Andrej
240429497,Teresina
916835044,Gavin
932014021,Lilla
304347146,Tandie
234284746,Haven
106246989,Johnath
187238581,Patrice
762991544,Zachariah
059978236,Rod
471306458,Bird
804347598,Durante
471437292,Noak
435220825,Jilleen
205268895,Kippie
781824939,Reagan
924924390,Tracy
790425896,Korey
020221435,Freddy
089610106,Christine
614393957,Nanette
204430989,Wyatan
816609754,Jourdan
316985068,Sarita
333916266,Adey
424211226,Pyotr
111177282,Ingaborg
802061486,Alina
213329308,Ezequiel
433744000,Rourke
545126412,Callida
577871888,Anna
033562105,Kalindi
720350742,Crosby
703246494,Clayborne
580866697,Christie
450703187,Shelia
293181150,Evvy
583687590,Mickie
897293768,Jillie
607245161,Ewen
905483247,Dulsea
001965509,Shandy
433846111,Edgardo
733468389,Hatty
515075447,Rorke
165742723,Abby
510548383,Kenna
223903479,Monty
935132993,Trude
638692358,Daniel
900772875,Skelly
754796723,Chelsae
376786352,Daveen
491007882,Maren
449505719,Adel
372344237,Denis
218176166,Goddart
485963230,Thedrick
299284529,Maryl
652240976,Berky
027963428,Robinson
627588267,Patrica
221129417,Garfield
